-- phpMyAdmin SQL Dump
-- version 4.8.3
-- https://www.phpmyadmin.net/
--
-- Host: 127.0.0.1
-- Waktu pembuatan: 16 Nov 2019 pada 15.13
-- Versi server: 10.1.37-MariaDB
-- Versi PHP: 7.2.12

SET SQL_MODE = "NO_AUTO_VALUE_ON_ZERO";
SET AUTOCOMMIT = 0;
START TRANSACTION;
SET time_zone = "+00:00";


/*!40101 SET @OLD_CHARACTER_SET_CLIENT=@@CHARACTER_SET_CLIENT */;
/*!40101 SET @OLD_CHARACTER_SET_RESULTS=@@CHARACTER_SET_RESULTS */;
/*!40101 SET @OLD_COLLATION_CONNECTION=@@COLLATION_CONNECTION */;
/*!40101 SET NAMES utf8mb4 */;

--
-- Database: `tk`
--

-- --------------------------------------------------------

--
-- Struktur dari tabel `agamadanmoral`
--

CREATE TABLE `agamadanmoral` (
  `id` int(11) NOT NULL,
  `siswa_id` int(11) NOT NULL,
  `class_id` int(11) NOT NULL,
  `year_id` int(11) NOT NULL,
  `semester` int(11) NOT NULL,
  `bulan` int(11) NOT NULL,
  `kemampuan_id` int(11) NOT NULL,
  `mb` int(11) DEFAULT NULL,
  `bb` int(11) DEFAULT NULL,
  `bsh` int(11) DEFAULT NULL,
  `bsb` int(11) DEFAULT NULL,
  `user_id` int(11) DEFAULT NULL,
  `created_at` timestamp NOT NULL DEFAULT CURRENT_TIMESTAMP
) ENGINE=InnoDB DEFAULT CHARSET=latin1;

--
-- Dumping data untuk tabel `agamadanmoral`
--

INSERT INTO `agamadanmoral` (`id`, `siswa_id`, `class_id`, `year_id`, `semester`, `bulan`, `kemampuan_id`, `mb`, `bb`, `bsh`, `bsb`, `user_id`, `created_at`) VALUES
(1, 1, 13, 13, 1, 7, 1, NULL, NULL, NULL, NULL, NULL, '2019-11-16 13:58:49'),
(2, 1, 13, 13, 1, 7, 2, NULL, NULL, NULL, NULL, NULL, '2019-11-16 13:58:49'),
(3, 1, 13, 13, 1, 7, 3, NULL, NULL, NULL, NULL, NULL, '2019-11-16 13:58:49'),
(4, 1, 13, 13, 1, 7, 4, NULL, NULL, NULL, NULL, NULL, '2019-11-16 13:58:49'),
(5, 1, 13, 13, 1, 7, 5, NULL, NULL, NULL, NULL, NULL, '2019-11-16 13:58:49'),
(6, 1, 13, 13, 1, 7, 6, NULL, NULL, NULL, NULL, NULL, '2019-11-16 13:58:49'),
(7, 1, 13, 13, 1, 7, 7, NULL, NULL, NULL, NULL, NULL, '2019-11-16 13:58:49'),
(8, 1, 13, 13, 1, 7, 8, NULL, NULL, NULL, NULL, NULL, '2019-11-16 13:58:49'),
(9, 1, 13, 13, 1, 7, 9, NULL, NULL, NULL, NULL, NULL, '2019-11-16 13:58:49'),
(10, 1, 13, 13, 1, 8, 1, NULL, NULL, NULL, NULL, NULL, '2019-11-16 13:58:49'),
(11, 1, 13, 13, 1, 8, 2, NULL, NULL, NULL, NULL, NULL, '2019-11-16 13:58:49'),
(12, 1, 13, 13, 1, 8, 3, NULL, NULL, NULL, NULL, NULL, '2019-11-16 13:58:49'),
(13, 1, 13, 13, 1, 8, 4, NULL, NULL, NULL, NULL, NULL, '2019-11-16 13:58:49'),
(14, 1, 13, 13, 1, 8, 5, NULL, NULL, NULL, NULL, NULL, '2019-11-16 13:58:49'),
(15, 1, 13, 13, 1, 8, 6, NULL, NULL, NULL, NULL, NULL, '2019-11-16 13:58:49'),
(16, 1, 13, 13, 1, 8, 7, NULL, NULL, NULL, NULL, NULL, '2019-11-16 13:58:49'),
(17, 1, 13, 13, 1, 8, 8, NULL, NULL, NULL, NULL, NULL, '2019-11-16 13:58:49'),
(18, 1, 13, 13, 1, 8, 9, NULL, NULL, NULL, NULL, NULL, '2019-11-16 13:58:49'),
(19, 1, 13, 13, 1, 9, 1, NULL, NULL, NULL, NULL, NULL, '2019-11-16 13:58:49'),
(20, 1, 13, 13, 1, 9, 2, NULL, NULL, NULL, NULL, NULL, '2019-11-16 13:58:49'),
(21, 1, 13, 13, 1, 9, 3, NULL, NULL, NULL, NULL, NULL, '2019-11-16 13:58:49'),
(22, 1, 13, 13, 1, 9, 4, NULL, NULL, NULL, NULL, NULL, '2019-11-16 13:58:49'),
(23, 1, 13, 13, 1, 9, 5, NULL, NULL, NULL, NULL, NULL, '2019-11-16 13:58:49'),
(24, 1, 13, 13, 1, 9, 6, NULL, NULL, NULL, NULL, NULL, '2019-11-16 13:58:49'),
(25, 1, 13, 13, 1, 9, 7, NULL, NULL, NULL, NULL, NULL, '2019-11-16 13:58:49'),
(26, 1, 13, 13, 1, 9, 8, NULL, NULL, NULL, NULL, NULL, '2019-11-16 13:58:49'),
(27, 1, 13, 13, 1, 9, 9, NULL, NULL, NULL, NULL, NULL, '2019-11-16 13:58:49'),
(28, 1, 13, 13, 1, 10, 1, NULL, NULL, NULL, NULL, NULL, '2019-11-16 13:58:50'),
(29, 1, 13, 13, 1, 10, 2, NULL, NULL, NULL, NULL, NULL, '2019-11-16 13:58:50'),
(30, 1, 13, 13, 1, 10, 3, NULL, NULL, NULL, NULL, NULL, '2019-11-16 13:58:50'),
(31, 1, 13, 13, 1, 10, 4, NULL, NULL, NULL, NULL, NULL, '2019-11-16 13:58:50'),
(32, 1, 13, 13, 1, 10, 5, NULL, NULL, NULL, NULL, NULL, '2019-11-16 13:58:50'),
(33, 1, 13, 13, 1, 10, 6, NULL, NULL, NULL, NULL, NULL, '2019-11-16 13:58:50'),
(34, 1, 13, 13, 1, 10, 7, NULL, NULL, NULL, NULL, NULL, '2019-11-16 13:58:50'),
(35, 1, 13, 13, 1, 10, 8, NULL, NULL, NULL, NULL, NULL, '2019-11-16 13:58:50'),
(36, 1, 13, 13, 1, 10, 9, NULL, NULL, NULL, NULL, NULL, '2019-11-16 13:58:50'),
(37, 1, 13, 13, 1, 11, 1, NULL, NULL, NULL, NULL, NULL, '2019-11-16 13:58:50'),
(38, 1, 13, 13, 1, 11, 2, NULL, NULL, NULL, NULL, NULL, '2019-11-16 13:58:50'),
(39, 1, 13, 13, 1, 11, 3, NULL, NULL, NULL, NULL, NULL, '2019-11-16 13:58:50'),
(40, 1, 13, 13, 1, 11, 4, NULL, NULL, NULL, NULL, NULL, '2019-11-16 13:58:50'),
(41, 1, 13, 13, 1, 11, 5, NULL, NULL, NULL, NULL, NULL, '2019-11-16 13:58:50'),
(42, 1, 13, 13, 1, 11, 6, NULL, NULL, NULL, NULL, NULL, '2019-11-16 13:58:50'),
(43, 1, 13, 13, 1, 11, 7, NULL, NULL, NULL, NULL, NULL, '2019-11-16 13:58:50'),
(44, 1, 13, 13, 1, 11, 8, NULL, NULL, NULL, NULL, NULL, '2019-11-16 13:58:50'),
(45, 1, 13, 13, 1, 11, 9, NULL, NULL, NULL, NULL, NULL, '2019-11-16 13:58:50'),
(46, 1, 13, 13, 1, 12, 1, NULL, NULL, NULL, NULL, NULL, '2019-11-16 13:58:50'),
(47, 1, 13, 13, 1, 12, 2, NULL, NULL, NULL, NULL, NULL, '2019-11-16 13:58:50'),
(48, 1, 13, 13, 1, 12, 3, NULL, NULL, NULL, NULL, NULL, '2019-11-16 13:58:50'),
(49, 1, 13, 13, 1, 12, 4, NULL, NULL, NULL, NULL, NULL, '2019-11-16 13:58:50'),
(50, 1, 13, 13, 1, 12, 5, NULL, NULL, NULL, NULL, NULL, '2019-11-16 13:58:50'),
(51, 1, 13, 13, 1, 12, 6, NULL, NULL, NULL, NULL, NULL, '2019-11-16 13:58:50'),
(52, 1, 13, 13, 1, 12, 7, NULL, NULL, NULL, NULL, NULL, '2019-11-16 13:58:50'),
(53, 1, 13, 13, 1, 12, 8, NULL, NULL, NULL, NULL, NULL, '2019-11-16 13:58:50'),
(54, 1, 13, 13, 1, 12, 9, NULL, NULL, NULL, NULL, NULL, '2019-11-16 13:58:50'),
(55, 1, 13, 13, 2, 1, 1, NULL, NULL, NULL, NULL, NULL, '2019-11-16 13:58:50'),
(56, 1, 13, 13, 2, 1, 2, NULL, NULL, NULL, NULL, NULL, '2019-11-16 13:58:50'),
(57, 1, 13, 13, 2, 1, 3, NULL, NULL, NULL, NULL, NULL, '2019-11-16 13:58:50'),
(58, 1, 13, 13, 2, 1, 4, NULL, NULL, NULL, NULL, NULL, '2019-11-16 13:58:50'),
(59, 1, 13, 13, 2, 1, 5, NULL, NULL, NULL, NULL, NULL, '2019-11-16 13:58:50'),
(60, 1, 13, 13, 2, 1, 6, NULL, NULL, NULL, NULL, NULL, '2019-11-16 13:58:50'),
(61, 1, 13, 13, 2, 1, 7, NULL, NULL, NULL, NULL, NULL, '2019-11-16 13:58:50'),
(62, 1, 13, 13, 2, 1, 8, NULL, NULL, NULL, NULL, NULL, '2019-11-16 13:58:50'),
(63, 1, 13, 13, 2, 1, 9, NULL, NULL, NULL, NULL, NULL, '2019-11-16 13:58:50'),
(64, 1, 13, 13, 2, 2, 1, NULL, NULL, NULL, NULL, NULL, '2019-11-16 13:58:50'),
(65, 1, 13, 13, 2, 2, 2, NULL, NULL, NULL, NULL, NULL, '2019-11-16 13:58:50'),
(66, 1, 13, 13, 2, 2, 3, NULL, NULL, NULL, NULL, NULL, '2019-11-16 13:58:50'),
(67, 1, 13, 13, 2, 2, 4, NULL, NULL, NULL, NULL, NULL, '2019-11-16 13:58:50'),
(68, 1, 13, 13, 2, 2, 5, NULL, NULL, NULL, NULL, NULL, '2019-11-16 13:58:50'),
(69, 1, 13, 13, 2, 2, 6, NULL, NULL, NULL, NULL, NULL, '2019-11-16 13:58:50'),
(70, 1, 13, 13, 2, 2, 7, NULL, NULL, NULL, NULL, NULL, '2019-11-16 13:58:50'),
(71, 1, 13, 13, 2, 2, 8, NULL, NULL, NULL, NULL, NULL, '2019-11-16 13:58:50'),
(72, 1, 13, 13, 2, 2, 9, NULL, NULL, NULL, NULL, NULL, '2019-11-16 13:58:50'),
(73, 1, 13, 13, 2, 3, 1, NULL, NULL, NULL, NULL, NULL, '2019-11-16 13:58:50'),
(74, 1, 13, 13, 2, 3, 2, NULL, NULL, NULL, NULL, NULL, '2019-11-16 13:58:50'),
(75, 1, 13, 13, 2, 3, 3, NULL, NULL, NULL, NULL, NULL, '2019-11-16 13:58:50'),
(76, 1, 13, 13, 2, 3, 4, NULL, NULL, NULL, NULL, NULL, '2019-11-16 13:58:50'),
(77, 1, 13, 13, 2, 3, 5, NULL, NULL, NULL, NULL, NULL, '2019-11-16 13:58:50'),
(78, 1, 13, 13, 2, 3, 6, NULL, NULL, NULL, NULL, NULL, '2019-11-16 13:58:50'),
(79, 1, 13, 13, 2, 3, 7, NULL, NULL, NULL, NULL, NULL, '2019-11-16 13:58:50'),
(80, 1, 13, 13, 2, 3, 8, NULL, NULL, NULL, NULL, NULL, '2019-11-16 13:58:50'),
(81, 1, 13, 13, 2, 3, 9, NULL, NULL, NULL, NULL, NULL, '2019-11-16 13:58:50'),
(82, 1, 13, 13, 2, 4, 1, NULL, NULL, NULL, NULL, NULL, '2019-11-16 13:58:50'),
(83, 1, 13, 13, 2, 4, 2, NULL, NULL, NULL, NULL, NULL, '2019-11-16 13:58:50'),
(84, 1, 13, 13, 2, 4, 3, NULL, NULL, NULL, NULL, NULL, '2019-11-16 13:58:50'),
(85, 1, 13, 13, 2, 4, 4, NULL, NULL, NULL, NULL, NULL, '2019-11-16 13:58:50'),
(86, 1, 13, 13, 2, 4, 5, NULL, NULL, NULL, NULL, NULL, '2019-11-16 13:58:50'),
(87, 1, 13, 13, 2, 4, 6, NULL, NULL, NULL, NULL, NULL, '2019-11-16 13:58:50'),
(88, 1, 13, 13, 2, 4, 7, NULL, NULL, NULL, NULL, NULL, '2019-11-16 13:58:50'),
(89, 1, 13, 13, 2, 4, 8, NULL, NULL, NULL, NULL, NULL, '2019-11-16 13:58:50'),
(90, 1, 13, 13, 2, 4, 9, NULL, NULL, NULL, NULL, NULL, '2019-11-16 13:58:50'),
(91, 1, 13, 13, 2, 5, 1, NULL, NULL, NULL, NULL, NULL, '2019-11-16 13:58:50'),
(92, 1, 13, 13, 2, 5, 2, NULL, NULL, NULL, NULL, NULL, '2019-11-16 13:58:50'),
(93, 1, 13, 13, 2, 5, 3, NULL, NULL, NULL, NULL, NULL, '2019-11-16 13:58:50'),
(94, 1, 13, 13, 2, 5, 4, NULL, NULL, NULL, NULL, NULL, '2019-11-16 13:58:50'),
(95, 1, 13, 13, 2, 5, 5, NULL, NULL, NULL, NULL, NULL, '2019-11-16 13:58:50'),
(96, 1, 13, 13, 2, 5, 6, NULL, NULL, NULL, NULL, NULL, '2019-11-16 13:58:50'),
(97, 1, 13, 13, 2, 5, 7, NULL, NULL, NULL, NULL, NULL, '2019-11-16 13:58:50'),
(98, 1, 13, 13, 2, 5, 8, NULL, NULL, NULL, NULL, NULL, '2019-11-16 13:58:50'),
(99, 1, 13, 13, 2, 5, 9, NULL, NULL, NULL, NULL, NULL, '2019-11-16 13:58:50'),
(100, 1, 13, 13, 2, 6, 1, NULL, NULL, NULL, NULL, NULL, '2019-11-16 13:58:50'),
(101, 1, 13, 13, 2, 6, 2, NULL, NULL, NULL, NULL, NULL, '2019-11-16 13:58:50'),
(102, 1, 13, 13, 2, 6, 3, NULL, NULL, NULL, NULL, NULL, '2019-11-16 13:58:50'),
(103, 1, 13, 13, 2, 6, 4, NULL, NULL, NULL, NULL, NULL, '2019-11-16 13:58:50'),
(104, 1, 13, 13, 2, 6, 5, NULL, NULL, NULL, NULL, NULL, '2019-11-16 13:58:50'),
(105, 1, 13, 13, 2, 6, 6, NULL, NULL, NULL, NULL, NULL, '2019-11-16 13:58:50'),
(106, 1, 13, 13, 2, 6, 7, NULL, NULL, NULL, NULL, NULL, '2019-11-16 13:58:50'),
(107, 1, 13, 13, 2, 6, 8, NULL, NULL, NULL, NULL, NULL, '2019-11-16 13:58:50'),
(108, 1, 13, 13, 2, 6, 9, NULL, NULL, NULL, NULL, NULL, '2019-11-16 13:58:50'),
(109, 2, 13, 13, 1, 7, 1, NULL, 1, NULL, NULL, NULL, '2019-11-16 14:00:16'),
(110, 2, 13, 13, 1, 7, 2, 1, NULL, NULL, NULL, NULL, '2019-11-16 14:00:16'),
(111, 2, 13, 13, 1, 7, 3, NULL, NULL, 1, NULL, NULL, '2019-11-16 14:00:16'),
(112, 2, 13, 13, 1, 7, 4, 1, NULL, NULL, NULL, NULL, '2019-11-16 14:00:16'),
(113, 2, 13, 13, 1, 7, 5, 1, NULL, NULL, NULL, NULL, '2019-11-16 14:00:16'),
(114, 2, 13, 13, 1, 7, 6, NULL, 1, NULL, NULL, NULL, '2019-11-16 14:00:16'),
(115, 2, 13, 13, 1, 7, 7, NULL, NULL, 1, NULL, NULL, '2019-11-16 14:00:16'),
(116, 2, 13, 13, 1, 7, 8, NULL, NULL, NULL, 1, NULL, '2019-11-16 14:00:16'),
(117, 2, 13, 13, 1, 7, 9, 1, NULL, NULL, NULL, NULL, '2019-11-16 14:00:16'),
(118, 2, 13, 13, 1, 8, 1, NULL, NULL, NULL, NULL, NULL, '2019-11-16 14:00:16'),
(119, 2, 13, 13, 1, 8, 2, NULL, NULL, NULL, NULL, NULL, '2019-11-16 14:00:16'),
(120, 2, 13, 13, 1, 8, 3, NULL, NULL, NULL, NULL, NULL, '2019-11-16 14:00:16'),
(121, 2, 13, 13, 1, 8, 4, NULL, NULL, NULL, NULL, NULL, '2019-11-16 14:00:16'),
(122, 2, 13, 13, 1, 8, 5, NULL, NULL, NULL, NULL, NULL, '2019-11-16 14:00:16'),
(123, 2, 13, 13, 1, 8, 6, NULL, NULL, NULL, NULL, NULL, '2019-11-16 14:00:16'),
(124, 2, 13, 13, 1, 8, 7, NULL, NULL, NULL, NULL, NULL, '2019-11-16 14:00:16'),
(125, 2, 13, 13, 1, 8, 8, NULL, NULL, NULL, NULL, NULL, '2019-11-16 14:00:16'),
(126, 2, 13, 13, 1, 8, 9, NULL, NULL, NULL, NULL, NULL, '2019-11-16 14:00:16'),
(127, 2, 13, 13, 1, 9, 1, NULL, NULL, NULL, NULL, NULL, '2019-11-16 14:00:16'),
(128, 2, 13, 13, 1, 9, 2, NULL, NULL, NULL, NULL, NULL, '2019-11-16 14:00:16'),
(129, 2, 13, 13, 1, 9, 3, NULL, NULL, NULL, NULL, NULL, '2019-11-16 14:00:16'),
(130, 2, 13, 13, 1, 9, 4, NULL, NULL, NULL, NULL, NULL, '2019-11-16 14:00:16'),
(131, 2, 13, 13, 1, 9, 5, NULL, NULL, NULL, NULL, NULL, '2019-11-16 14:00:16'),
(132, 2, 13, 13, 1, 9, 6, NULL, NULL, NULL, NULL, NULL, '2019-11-16 14:00:16'),
(133, 2, 13, 13, 1, 9, 7, NULL, NULL, NULL, NULL, NULL, '2019-11-16 14:00:16'),
(134, 2, 13, 13, 1, 9, 8, NULL, NULL, NULL, NULL, NULL, '2019-11-16 14:00:16'),
(135, 2, 13, 13, 1, 9, 9, NULL, NULL, NULL, NULL, NULL, '2019-11-16 14:00:16'),
(136, 2, 13, 13, 1, 10, 1, NULL, NULL, NULL, NULL, NULL, '2019-11-16 14:00:16'),
(137, 2, 13, 13, 1, 10, 2, NULL, NULL, NULL, NULL, NULL, '2019-11-16 14:00:16'),
(138, 2, 13, 13, 1, 10, 3, NULL, NULL, NULL, NULL, NULL, '2019-11-16 14:00:16'),
(139, 2, 13, 13, 1, 10, 4, NULL, NULL, NULL, NULL, NULL, '2019-11-16 14:00:16'),
(140, 2, 13, 13, 1, 10, 5, NULL, NULL, NULL, NULL, NULL, '2019-11-16 14:00:16'),
(141, 2, 13, 13, 1, 10, 6, NULL, NULL, NULL, NULL, NULL, '2019-11-16 14:00:16'),
(142, 2, 13, 13, 1, 10, 7, NULL, NULL, NULL, NULL, NULL, '2019-11-16 14:00:16'),
(143, 2, 13, 13, 1, 10, 8, NULL, NULL, NULL, NULL, NULL, '2019-11-16 14:00:16'),
(144, 2, 13, 13, 1, 10, 9, NULL, NULL, NULL, NULL, NULL, '2019-11-16 14:00:16'),
(145, 2, 13, 13, 1, 11, 1, NULL, NULL, NULL, NULL, NULL, '2019-11-16 14:00:16'),
(146, 2, 13, 13, 1, 11, 2, NULL, NULL, NULL, NULL, NULL, '2019-11-16 14:00:16'),
(147, 2, 13, 13, 1, 11, 3, NULL, NULL, NULL, NULL, NULL, '2019-11-16 14:00:16'),
(148, 2, 13, 13, 1, 11, 4, NULL, NULL, NULL, NULL, NULL, '2019-11-16 14:00:16'),
(149, 2, 13, 13, 1, 11, 5, NULL, NULL, NULL, NULL, NULL, '2019-11-16 14:00:16'),
(150, 2, 13, 13, 1, 11, 6, NULL, NULL, NULL, NULL, NULL, '2019-11-16 14:00:16'),
(151, 2, 13, 13, 1, 11, 7, NULL, NULL, NULL, NULL, NULL, '2019-11-16 14:00:16'),
(152, 2, 13, 13, 1, 11, 8, NULL, NULL, NULL, NULL, NULL, '2019-11-16 14:00:16'),
(153, 2, 13, 13, 1, 11, 9, NULL, NULL, NULL, NULL, NULL, '2019-11-16 14:00:16'),
(154, 2, 13, 13, 1, 12, 1, NULL, NULL, NULL, NULL, NULL, '2019-11-16 14:00:16'),
(155, 2, 13, 13, 1, 12, 2, NULL, NULL, NULL, NULL, NULL, '2019-11-16 14:00:16'),
(156, 2, 13, 13, 1, 12, 3, NULL, NULL, NULL, NULL, NULL, '2019-11-16 14:00:16'),
(157, 2, 13, 13, 1, 12, 4, NULL, NULL, NULL, NULL, NULL, '2019-11-16 14:00:16'),
(158, 2, 13, 13, 1, 12, 5, NULL, NULL, NULL, NULL, NULL, '2019-11-16 14:00:16'),
(159, 2, 13, 13, 1, 12, 6, NULL, NULL, NULL, NULL, NULL, '2019-11-16 14:00:16'),
(160, 2, 13, 13, 1, 12, 7, NULL, NULL, NULL, NULL, NULL, '2019-11-16 14:00:16'),
(161, 2, 13, 13, 1, 12, 8, NULL, NULL, NULL, NULL, NULL, '2019-11-16 14:00:16'),
(162, 2, 13, 13, 1, 12, 9, NULL, NULL, NULL, NULL, NULL, '2019-11-16 14:00:16'),
(163, 2, 13, 13, 2, 1, 1, NULL, NULL, NULL, NULL, NULL, '2019-11-16 14:00:17'),
(164, 2, 13, 13, 2, 1, 2, NULL, NULL, NULL, NULL, NULL, '2019-11-16 14:00:17'),
(165, 2, 13, 13, 2, 1, 3, NULL, NULL, NULL, NULL, NULL, '2019-11-16 14:00:17'),
(166, 2, 13, 13, 2, 1, 4, NULL, NULL, NULL, NULL, NULL, '2019-11-16 14:00:17'),
(167, 2, 13, 13, 2, 1, 5, NULL, NULL, NULL, NULL, NULL, '2019-11-16 14:00:17'),
(168, 2, 13, 13, 2, 1, 6, NULL, NULL, NULL, NULL, NULL, '2019-11-16 14:00:17'),
(169, 2, 13, 13, 2, 1, 7, NULL, NULL, NULL, NULL, NULL, '2019-11-16 14:00:17'),
(170, 2, 13, 13, 2, 1, 8, NULL, NULL, NULL, NULL, NULL, '2019-11-16 14:00:17'),
(171, 2, 13, 13, 2, 1, 9, NULL, NULL, NULL, NULL, NULL, '2019-11-16 14:00:17'),
(172, 2, 13, 13, 2, 2, 1, NULL, NULL, NULL, NULL, NULL, '2019-11-16 14:00:17'),
(173, 2, 13, 13, 2, 2, 2, NULL, NULL, NULL, NULL, NULL, '2019-11-16 14:00:17'),
(174, 2, 13, 13, 2, 2, 3, NULL, NULL, NULL, NULL, NULL, '2019-11-16 14:00:17'),
(175, 2, 13, 13, 2, 2, 4, NULL, NULL, NULL, NULL, NULL, '2019-11-16 14:00:17'),
(176, 2, 13, 13, 2, 2, 5, NULL, NULL, NULL, NULL, NULL, '2019-11-16 14:00:17'),
(177, 2, 13, 13, 2, 2, 6, NULL, NULL, NULL, NULL, NULL, '2019-11-16 14:00:17'),
(178, 2, 13, 13, 2, 2, 7, NULL, NULL, NULL, NULL, NULL, '2019-11-16 14:00:17'),
(179, 2, 13, 13, 2, 2, 8, NULL, NULL, NULL, NULL, NULL, '2019-11-16 14:00:17'),
(180, 2, 13, 13, 2, 2, 9, NULL, NULL, NULL, NULL, NULL, '2019-11-16 14:00:17'),
(181, 2, 13, 13, 2, 3, 1, NULL, NULL, NULL, NULL, NULL, '2019-11-16 14:00:17'),
(182, 2, 13, 13, 2, 3, 2, NULL, NULL, NULL, NULL, NULL, '2019-11-16 14:00:17'),
(183, 2, 13, 13, 2, 3, 3, NULL, NULL, NULL, NULL, NULL, '2019-11-16 14:00:17'),
(184, 2, 13, 13, 2, 3, 4, NULL, NULL, NULL, NULL, NULL, '2019-11-16 14:00:17'),
(185, 2, 13, 13, 2, 3, 5, NULL, NULL, NULL, NULL, NULL, '2019-11-16 14:00:17'),
(186, 2, 13, 13, 2, 3, 6, NULL, NULL, NULL, NULL, NULL, '2019-11-16 14:00:17'),
(187, 2, 13, 13, 2, 3, 7, NULL, NULL, NULL, NULL, NULL, '2019-11-16 14:00:17'),
(188, 2, 13, 13, 2, 3, 8, NULL, NULL, NULL, NULL, NULL, '2019-11-16 14:00:17'),
(189, 2, 13, 13, 2, 3, 9, NULL, NULL, NULL, NULL, NULL, '2019-11-16 14:00:17'),
(190, 2, 13, 13, 2, 4, 1, NULL, NULL, NULL, NULL, NULL, '2019-11-16 14:00:18'),
(191, 2, 13, 13, 2, 4, 2, NULL, NULL, NULL, NULL, NULL, '2019-11-16 14:00:18'),
(192, 2, 13, 13, 2, 4, 3, NULL, NULL, NULL, NULL, NULL, '2019-11-16 14:00:18'),
(193, 2, 13, 13, 2, 4, 4, NULL, NULL, NULL, NULL, NULL, '2019-11-16 14:00:18'),
(194, 2, 13, 13, 2, 4, 5, NULL, NULL, NULL, NULL, NULL, '2019-11-16 14:00:18'),
(195, 2, 13, 13, 2, 4, 6, NULL, NULL, NULL, NULL, NULL, '2019-11-16 14:00:18'),
(196, 2, 13, 13, 2, 4, 7, NULL, NULL, NULL, NULL, NULL, '2019-11-16 14:00:18'),
(197, 2, 13, 13, 2, 4, 8, NULL, NULL, NULL, NULL, NULL, '2019-11-16 14:00:18'),
(198, 2, 13, 13, 2, 4, 9, NULL, NULL, NULL, NULL, NULL, '2019-11-16 14:00:18'),
(199, 2, 13, 13, 2, 5, 1, NULL, NULL, NULL, NULL, NULL, '2019-11-16 14:00:18'),
(200, 2, 13, 13, 2, 5, 2, NULL, NULL, NULL, NULL, NULL, '2019-11-16 14:00:18'),
(201, 2, 13, 13, 2, 5, 3, NULL, NULL, NULL, NULL, NULL, '2019-11-16 14:00:18'),
(202, 2, 13, 13, 2, 5, 4, NULL, NULL, NULL, NULL, NULL, '2019-11-16 14:00:18'),
(203, 2, 13, 13, 2, 5, 5, NULL, NULL, NULL, NULL, NULL, '2019-11-16 14:00:18'),
(204, 2, 13, 13, 2, 5, 6, NULL, NULL, NULL, NULL, NULL, '2019-11-16 14:00:18'),
(205, 2, 13, 13, 2, 5, 7, NULL, NULL, NULL, NULL, NULL, '2019-11-16 14:00:18'),
(206, 2, 13, 13, 2, 5, 8, NULL, NULL, NULL, NULL, NULL, '2019-11-16 14:00:18'),
(207, 2, 13, 13, 2, 5, 9, NULL, NULL, NULL, NULL, NULL, '2019-11-16 14:00:18'),
(208, 2, 13, 13, 2, 6, 1, NULL, NULL, NULL, NULL, NULL, '2019-11-16 14:00:18'),
(209, 2, 13, 13, 2, 6, 2, NULL, NULL, NULL, NULL, NULL, '2019-11-16 14:00:18'),
(210, 2, 13, 13, 2, 6, 3, NULL, NULL, NULL, NULL, NULL, '2019-11-16 14:00:18'),
(211, 2, 13, 13, 2, 6, 4, NULL, NULL, NULL, NULL, NULL, '2019-11-16 14:00:18'),
(212, 2, 13, 13, 2, 6, 5, NULL, NULL, NULL, NULL, NULL, '2019-11-16 14:00:18'),
(213, 2, 13, 13, 2, 6, 6, NULL, NULL, NULL, NULL, NULL, '2019-11-16 14:00:18'),
(214, 2, 13, 13, 2, 6, 7, NULL, NULL, NULL, NULL, NULL, '2019-11-16 14:00:18'),
(215, 2, 13, 13, 2, 6, 8, NULL, NULL, NULL, NULL, NULL, '2019-11-16 14:00:18'),
(216, 2, 13, 13, 2, 6, 9, NULL, NULL, NULL, NULL, NULL, '2019-11-16 14:00:18');

-- --------------------------------------------------------

--
-- Struktur dari tabel `apps`
--

CREATE TABLE `apps` (
  `app_id` int(11) NOT NULL,
  `appname` varchar(255) NOT NULL,
  `by` varchar(255) NOT NULL,
  `created_at` timestamp NOT NULL DEFAULT CURRENT_TIMESTAMP
) ENGINE=InnoDB DEFAULT CHARSET=latin1;

--
-- Dumping data untuk tabel `apps`
--

INSERT INTO `apps` (`app_id`, `appname`, `by`, `created_at`) VALUES
(1, 'TK Islam Miftaahul Jannah ', 'Kelompok 6 FTIk Jurusan TI Universitas Semarang', '2019-11-12 16:27:37');

-- --------------------------------------------------------

--
-- Struktur dari tabel `bahasa`
--

CREATE TABLE `bahasa` (
  `id` int(11) NOT NULL,
  `siswa_id` int(11) NOT NULL,
  `class_id` int(11) NOT NULL,
  `year_id` int(11) NOT NULL,
  `semester` int(11) NOT NULL,
  `bulan` int(11) NOT NULL,
  `kemampuan_id` int(11) NOT NULL,
  `mb` int(11) DEFAULT NULL,
  `bb` int(11) DEFAULT NULL,
  `bsh` int(11) DEFAULT NULL,
  `bsb` int(11) DEFAULT NULL,
  `user_id` int(11) DEFAULT NULL,
  `created_at` timestamp NOT NULL DEFAULT CURRENT_TIMESTAMP
) ENGINE=InnoDB DEFAULT CHARSET=latin1;

--
-- Dumping data untuk tabel `bahasa`
--

INSERT INTO `bahasa` (`id`, `siswa_id`, `class_id`, `year_id`, `semester`, `bulan`, `kemampuan_id`, `mb`, `bb`, `bsh`, `bsb`, `user_id`, `created_at`) VALUES
(1, 1, 13, 13, 1, 7, 1, NULL, NULL, NULL, NULL, NULL, '2019-11-16 13:58:49'),
(2, 1, 13, 13, 1, 7, 2, NULL, NULL, NULL, NULL, NULL, '2019-11-16 13:58:49'),
(3, 1, 13, 13, 1, 7, 3, NULL, NULL, NULL, NULL, NULL, '2019-11-16 13:58:49'),
(4, 1, 13, 13, 1, 7, 4, NULL, NULL, NULL, NULL, NULL, '2019-11-16 13:58:49'),
(5, 1, 13, 13, 1, 7, 5, NULL, NULL, NULL, NULL, NULL, '2019-11-16 13:58:49'),
(6, 1, 13, 13, 1, 7, 6, NULL, NULL, NULL, NULL, NULL, '2019-11-16 13:58:49'),
(7, 1, 13, 13, 1, 8, 1, NULL, NULL, NULL, NULL, NULL, '2019-11-16 13:58:49'),
(8, 1, 13, 13, 1, 8, 2, NULL, NULL, NULL, NULL, NULL, '2019-11-16 13:58:49'),
(9, 1, 13, 13, 1, 8, 3, NULL, NULL, NULL, NULL, NULL, '2019-11-16 13:58:49'),
(10, 1, 13, 13, 1, 8, 4, NULL, NULL, NULL, NULL, NULL, '2019-11-16 13:58:49'),
(11, 1, 13, 13, 1, 8, 5, NULL, NULL, NULL, NULL, NULL, '2019-11-16 13:58:49'),
(12, 1, 13, 13, 1, 8, 6, NULL, NULL, NULL, NULL, NULL, '2019-11-16 13:58:49'),
(13, 1, 13, 13, 1, 9, 1, NULL, NULL, NULL, NULL, NULL, '2019-11-16 13:58:49'),
(14, 1, 13, 13, 1, 9, 2, NULL, NULL, NULL, NULL, NULL, '2019-11-16 13:58:49'),
(15, 1, 13, 13, 1, 9, 3, NULL, NULL, NULL, NULL, NULL, '2019-11-16 13:58:49'),
(16, 1, 13, 13, 1, 9, 4, NULL, NULL, NULL, NULL, NULL, '2019-11-16 13:58:49'),
(17, 1, 13, 13, 1, 9, 5, NULL, NULL, NULL, NULL, NULL, '2019-11-16 13:58:49'),
(18, 1, 13, 13, 1, 9, 6, NULL, NULL, NULL, NULL, NULL, '2019-11-16 13:58:49'),
(19, 1, 13, 13, 1, 10, 1, NULL, NULL, NULL, NULL, NULL, '2019-11-16 13:58:50'),
(20, 1, 13, 13, 1, 10, 2, NULL, NULL, NULL, NULL, NULL, '2019-11-16 13:58:50'),
(21, 1, 13, 13, 1, 10, 3, NULL, NULL, NULL, NULL, NULL, '2019-11-16 13:58:50'),
(22, 1, 13, 13, 1, 10, 4, NULL, NULL, NULL, NULL, NULL, '2019-11-16 13:58:50'),
(23, 1, 13, 13, 1, 10, 5, NULL, NULL, NULL, NULL, NULL, '2019-11-16 13:58:50'),
(24, 1, 13, 13, 1, 10, 6, NULL, NULL, NULL, NULL, NULL, '2019-11-16 13:58:50'),
(25, 1, 13, 13, 1, 11, 1, NULL, NULL, NULL, NULL, NULL, '2019-11-16 13:58:50'),
(26, 1, 13, 13, 1, 11, 2, NULL, NULL, NULL, NULL, NULL, '2019-11-16 13:58:50'),
(27, 1, 13, 13, 1, 11, 3, NULL, NULL, NULL, NULL, NULL, '2019-11-16 13:58:50'),
(28, 1, 13, 13, 1, 11, 4, NULL, NULL, NULL, NULL, NULL, '2019-11-16 13:58:50'),
(29, 1, 13, 13, 1, 11, 5, NULL, NULL, NULL, NULL, NULL, '2019-11-16 13:58:50'),
(30, 1, 13, 13, 1, 11, 6, NULL, NULL, NULL, NULL, NULL, '2019-11-16 13:58:50'),
(31, 1, 13, 13, 1, 12, 1, NULL, NULL, NULL, NULL, NULL, '2019-11-16 13:58:50'),
(32, 1, 13, 13, 1, 12, 2, NULL, NULL, NULL, NULL, NULL, '2019-11-16 13:58:50'),
(33, 1, 13, 13, 1, 12, 3, NULL, NULL, NULL, NULL, NULL, '2019-11-16 13:58:50'),
(34, 1, 13, 13, 1, 12, 4, NULL, NULL, NULL, NULL, NULL, '2019-11-16 13:58:50'),
(35, 1, 13, 13, 1, 12, 5, NULL, NULL, NULL, NULL, NULL, '2019-11-16 13:58:50'),
(36, 1, 13, 13, 1, 12, 6, NULL, NULL, NULL, NULL, NULL, '2019-11-16 13:58:50'),
(37, 1, 13, 13, 2, 1, 1, NULL, NULL, NULL, NULL, NULL, '2019-11-16 13:58:50'),
(38, 1, 13, 13, 2, 1, 2, NULL, NULL, NULL, NULL, NULL, '2019-11-16 13:58:50'),
(39, 1, 13, 13, 2, 1, 3, NULL, NULL, NULL, NULL, NULL, '2019-11-16 13:58:50'),
(40, 1, 13, 13, 2, 1, 4, NULL, NULL, NULL, NULL, NULL, '2019-11-16 13:58:50'),
(41, 1, 13, 13, 2, 1, 5, NULL, NULL, NULL, NULL, NULL, '2019-11-16 13:58:50'),
(42, 1, 13, 13, 2, 1, 6, NULL, NULL, NULL, NULL, NULL, '2019-11-16 13:58:50'),
(43, 1, 13, 13, 2, 2, 1, NULL, NULL, NULL, NULL, NULL, '2019-11-16 13:58:50'),
(44, 1, 13, 13, 2, 2, 2, NULL, NULL, NULL, NULL, NULL, '2019-11-16 13:58:50'),
(45, 1, 13, 13, 2, 2, 3, NULL, NULL, NULL, NULL, NULL, '2019-11-16 13:58:50'),
(46, 1, 13, 13, 2, 2, 4, NULL, NULL, NULL, NULL, NULL, '2019-11-16 13:58:50'),
(47, 1, 13, 13, 2, 2, 5, NULL, NULL, NULL, NULL, NULL, '2019-11-16 13:58:50'),
(48, 1, 13, 13, 2, 2, 6, NULL, NULL, NULL, NULL, NULL, '2019-11-16 13:58:50'),
(49, 1, 13, 13, 2, 3, 1, NULL, NULL, NULL, NULL, NULL, '2019-11-16 13:58:50'),
(50, 1, 13, 13, 2, 3, 2, NULL, NULL, NULL, NULL, NULL, '2019-11-16 13:58:50'),
(51, 1, 13, 13, 2, 3, 3, NULL, NULL, NULL, NULL, NULL, '2019-11-16 13:58:50'),
(52, 1, 13, 13, 2, 3, 4, NULL, NULL, NULL, NULL, NULL, '2019-11-16 13:58:50'),
(53, 1, 13, 13, 2, 3, 5, NULL, NULL, NULL, NULL, NULL, '2019-11-16 13:58:50'),
(54, 1, 13, 13, 2, 3, 6, NULL, NULL, NULL, NULL, NULL, '2019-11-16 13:58:50'),
(55, 1, 13, 13, 2, 4, 1, NULL, NULL, NULL, NULL, NULL, '2019-11-16 13:58:50'),
(56, 1, 13, 13, 2, 4, 2, NULL, NULL, NULL, NULL, NULL, '2019-11-16 13:58:50'),
(57, 1, 13, 13, 2, 4, 3, NULL, NULL, NULL, NULL, NULL, '2019-11-16 13:58:50'),
(58, 1, 13, 13, 2, 4, 4, NULL, NULL, NULL, NULL, NULL, '2019-11-16 13:58:50'),
(59, 1, 13, 13, 2, 4, 5, NULL, NULL, NULL, NULL, NULL, '2019-11-16 13:58:50'),
(60, 1, 13, 13, 2, 4, 6, NULL, NULL, NULL, NULL, NULL, '2019-11-16 13:58:50'),
(61, 1, 13, 13, 2, 5, 1, NULL, NULL, NULL, NULL, NULL, '2019-11-16 13:58:50'),
(62, 1, 13, 13, 2, 5, 2, NULL, NULL, NULL, NULL, NULL, '2019-11-16 13:58:50'),
(63, 1, 13, 13, 2, 5, 3, NULL, NULL, NULL, NULL, NULL, '2019-11-16 13:58:50'),
(64, 1, 13, 13, 2, 5, 4, NULL, NULL, NULL, NULL, NULL, '2019-11-16 13:58:50'),
(65, 1, 13, 13, 2, 5, 5, NULL, NULL, NULL, NULL, NULL, '2019-11-16 13:58:50'),
(66, 1, 13, 13, 2, 5, 6, NULL, NULL, NULL, NULL, NULL, '2019-11-16 13:58:50'),
(67, 1, 13, 13, 2, 6, 1, NULL, NULL, NULL, NULL, NULL, '2019-11-16 13:58:50'),
(68, 1, 13, 13, 2, 6, 2, NULL, NULL, NULL, NULL, NULL, '2019-11-16 13:58:50'),
(69, 1, 13, 13, 2, 6, 3, NULL, NULL, NULL, NULL, NULL, '2019-11-16 13:58:50'),
(70, 1, 13, 13, 2, 6, 4, NULL, NULL, NULL, NULL, NULL, '2019-11-16 13:58:50'),
(71, 1, 13, 13, 2, 6, 5, NULL, NULL, NULL, NULL, NULL, '2019-11-16 13:58:50'),
(72, 1, 13, 13, 2, 6, 6, NULL, NULL, NULL, NULL, NULL, '2019-11-16 13:58:50'),
(73, 2, 13, 13, 1, 7, 1, NULL, NULL, NULL, 1, NULL, '2019-11-16 14:00:16'),
(74, 2, 13, 13, 1, 7, 2, NULL, 1, NULL, NULL, NULL, '2019-11-16 14:00:16'),
(75, 2, 13, 13, 1, 7, 3, NULL, NULL, 1, NULL, NULL, '2019-11-16 14:00:16'),
(76, 2, 13, 13, 1, 7, 4, 1, NULL, NULL, NULL, NULL, '2019-11-16 14:00:16'),
(77, 2, 13, 13, 1, 7, 5, 1, NULL, NULL, NULL, NULL, '2019-11-16 14:00:16'),
(78, 2, 13, 13, 1, 7, 6, NULL, 1, NULL, NULL, NULL, '2019-11-16 14:00:16'),
(79, 2, 13, 13, 1, 8, 1, NULL, NULL, NULL, NULL, NULL, '2019-11-16 14:00:16'),
(80, 2, 13, 13, 1, 8, 2, NULL, NULL, NULL, NULL, NULL, '2019-11-16 14:00:16'),
(81, 2, 13, 13, 1, 8, 3, NULL, NULL, NULL, NULL, NULL, '2019-11-16 14:00:16'),
(82, 2, 13, 13, 1, 8, 4, NULL, NULL, NULL, NULL, NULL, '2019-11-16 14:00:16'),
(83, 2, 13, 13, 1, 8, 5, NULL, NULL, NULL, NULL, NULL, '2019-11-16 14:00:16'),
(84, 2, 13, 13, 1, 8, 6, NULL, NULL, NULL, NULL, NULL, '2019-11-16 14:00:16'),
(85, 2, 13, 13, 1, 9, 1, NULL, NULL, NULL, NULL, NULL, '2019-11-16 14:00:16'),
(86, 2, 13, 13, 1, 9, 2, NULL, NULL, NULL, NULL, NULL, '2019-11-16 14:00:16'),
(87, 2, 13, 13, 1, 9, 3, NULL, NULL, NULL, NULL, NULL, '2019-11-16 14:00:16'),
(88, 2, 13, 13, 1, 9, 4, NULL, NULL, NULL, NULL, NULL, '2019-11-16 14:00:16'),
(89, 2, 13, 13, 1, 9, 5, NULL, NULL, NULL, NULL, NULL, '2019-11-16 14:00:16'),
(90, 2, 13, 13, 1, 9, 6, NULL, NULL, NULL, NULL, NULL, '2019-11-16 14:00:16'),
(91, 2, 13, 13, 1, 10, 1, NULL, NULL, NULL, NULL, NULL, '2019-11-16 14:00:16'),
(92, 2, 13, 13, 1, 10, 2, NULL, NULL, NULL, NULL, NULL, '2019-11-16 14:00:16'),
(93, 2, 13, 13, 1, 10, 3, NULL, NULL, NULL, NULL, NULL, '2019-11-16 14:00:16'),
(94, 2, 13, 13, 1, 10, 4, NULL, NULL, NULL, NULL, NULL, '2019-11-16 14:00:16'),
(95, 2, 13, 13, 1, 10, 5, NULL, NULL, NULL, NULL, NULL, '2019-11-16 14:00:16'),
(96, 2, 13, 13, 1, 10, 6, NULL, NULL, NULL, NULL, NULL, '2019-11-16 14:00:16'),
(97, 2, 13, 13, 1, 11, 1, NULL, NULL, NULL, NULL, NULL, '2019-11-16 14:00:16'),
(98, 2, 13, 13, 1, 11, 2, NULL, NULL, NULL, NULL, NULL, '2019-11-16 14:00:16'),
(99, 2, 13, 13, 1, 11, 3, NULL, NULL, NULL, NULL, NULL, '2019-11-16 14:00:16'),
(100, 2, 13, 13, 1, 11, 4, NULL, NULL, NULL, NULL, NULL, '2019-11-16 14:00:16'),
(101, 2, 13, 13, 1, 11, 5, NULL, NULL, NULL, NULL, NULL, '2019-11-16 14:00:16'),
(102, 2, 13, 13, 1, 11, 6, NULL, NULL, NULL, NULL, NULL, '2019-11-16 14:00:16'),
(103, 2, 13, 13, 1, 12, 1, NULL, NULL, NULL, NULL, NULL, '2019-11-16 14:00:16'),
(104, 2, 13, 13, 1, 12, 2, NULL, NULL, NULL, NULL, NULL, '2019-11-16 14:00:16'),
(105, 2, 13, 13, 1, 12, 3, NULL, NULL, NULL, NULL, NULL, '2019-11-16 14:00:16'),
(106, 2, 13, 13, 1, 12, 4, NULL, NULL, NULL, NULL, NULL, '2019-11-16 14:00:16'),
(107, 2, 13, 13, 1, 12, 5, NULL, NULL, NULL, NULL, NULL, '2019-11-16 14:00:16'),
(108, 2, 13, 13, 1, 12, 6, NULL, NULL, NULL, NULL, NULL, '2019-11-16 14:00:16'),
(109, 2, 13, 13, 2, 1, 1, NULL, NULL, NULL, NULL, NULL, '2019-11-16 14:00:17'),
(110, 2, 13, 13, 2, 1, 2, NULL, NULL, NULL, NULL, NULL, '2019-11-16 14:00:17'),
(111, 2, 13, 13, 2, 1, 3, NULL, NULL, NULL, NULL, NULL, '2019-11-16 14:00:17'),
(112, 2, 13, 13, 2, 1, 4, NULL, NULL, NULL, NULL, NULL, '2019-11-16 14:00:17'),
(113, 2, 13, 13, 2, 1, 5, NULL, NULL, NULL, NULL, NULL, '2019-11-16 14:00:17'),
(114, 2, 13, 13, 2, 1, 6, NULL, NULL, NULL, NULL, NULL, '2019-11-16 14:00:17'),
(115, 2, 13, 13, 2, 2, 1, NULL, NULL, NULL, NULL, NULL, '2019-11-16 14:00:17'),
(116, 2, 13, 13, 2, 2, 2, NULL, NULL, NULL, NULL, NULL, '2019-11-16 14:00:17'),
(117, 2, 13, 13, 2, 2, 3, NULL, NULL, NULL, NULL, NULL, '2019-11-16 14:00:17'),
(118, 2, 13, 13, 2, 2, 4, NULL, NULL, NULL, NULL, NULL, '2019-11-16 14:00:17'),
(119, 2, 13, 13, 2, 2, 5, NULL, NULL, NULL, NULL, NULL, '2019-11-16 14:00:17'),
(120, 2, 13, 13, 2, 2, 6, NULL, NULL, NULL, NULL, NULL, '2019-11-16 14:00:17'),
(121, 2, 13, 13, 2, 3, 1, NULL, NULL, NULL, NULL, NULL, '2019-11-16 14:00:17'),
(122, 2, 13, 13, 2, 3, 2, NULL, NULL, NULL, NULL, NULL, '2019-11-16 14:00:17'),
(123, 2, 13, 13, 2, 3, 3, NULL, NULL, NULL, NULL, NULL, '2019-11-16 14:00:17'),
(124, 2, 13, 13, 2, 3, 4, NULL, NULL, NULL, NULL, NULL, '2019-11-16 14:00:17'),
(125, 2, 13, 13, 2, 3, 5, NULL, NULL, NULL, NULL, NULL, '2019-11-16 14:00:17'),
(126, 2, 13, 13, 2, 3, 6, NULL, NULL, NULL, NULL, NULL, '2019-11-16 14:00:17'),
(127, 2, 13, 13, 2, 4, 1, NULL, NULL, NULL, NULL, NULL, '2019-11-16 14:00:18'),
(128, 2, 13, 13, 2, 4, 2, NULL, NULL, NULL, NULL, NULL, '2019-11-16 14:00:18'),
(129, 2, 13, 13, 2, 4, 3, NULL, NULL, NULL, NULL, NULL, '2019-11-16 14:00:18'),
(130, 2, 13, 13, 2, 4, 4, NULL, NULL, NULL, NULL, NULL, '2019-11-16 14:00:18'),
(131, 2, 13, 13, 2, 4, 5, NULL, NULL, NULL, NULL, NULL, '2019-11-16 14:00:18'),
(132, 2, 13, 13, 2, 4, 6, NULL, NULL, NULL, NULL, NULL, '2019-11-16 14:00:18'),
(133, 2, 13, 13, 2, 5, 1, NULL, NULL, NULL, NULL, NULL, '2019-11-16 14:00:18'),
(134, 2, 13, 13, 2, 5, 2, NULL, NULL, NULL, NULL, NULL, '2019-11-16 14:00:18'),
(135, 2, 13, 13, 2, 5, 3, NULL, NULL, NULL, NULL, NULL, '2019-11-16 14:00:18'),
(136, 2, 13, 13, 2, 5, 4, NULL, NULL, NULL, NULL, NULL, '2019-11-16 14:00:18'),
(137, 2, 13, 13, 2, 5, 5, NULL, NULL, NULL, NULL, NULL, '2019-11-16 14:00:18'),
(138, 2, 13, 13, 2, 5, 6, NULL, NULL, NULL, NULL, NULL, '2019-11-16 14:00:18'),
(139, 2, 13, 13, 2, 6, 1, NULL, NULL, NULL, NULL, NULL, '2019-11-16 14:00:18'),
(140, 2, 13, 13, 2, 6, 2, NULL, NULL, NULL, NULL, NULL, '2019-11-16 14:00:18'),
(141, 2, 13, 13, 2, 6, 3, NULL, NULL, NULL, NULL, NULL, '2019-11-16 14:00:18'),
(142, 2, 13, 13, 2, 6, 4, NULL, NULL, NULL, NULL, NULL, '2019-11-16 14:00:18'),
(143, 2, 13, 13, 2, 6, 5, NULL, NULL, NULL, NULL, NULL, '2019-11-16 14:00:18'),
(144, 2, 13, 13, 2, 6, 6, NULL, NULL, NULL, NULL, NULL, '2019-11-16 14:00:18');

-- --------------------------------------------------------

--
-- Struktur dari tabel `catatan`
--

CREATE TABLE `catatan` (
  `catatan_id` int(11) NOT NULL,
  `siswa_id` int(11) NOT NULL,
  `class_id` int(11) NOT NULL,
  `year_id` int(11) NOT NULL,
  `semester` int(11) NOT NULL,
  `bulan` int(11) NOT NULL,
  `table` varchar(255) NOT NULL,
  `catatan` text NOT NULL,
  `penginput` varchar(255) NOT NULL,
  `created_at` timestamp NOT NULL DEFAULT CURRENT_TIMESTAMP
) ENGINE=InnoDB DEFAULT CHARSET=latin1;

--
-- Dumping data untuk tabel `catatan`
--

INSERT INTO `catatan` (`catatan_id`, `siswa_id`, `class_id`, `year_id`, `semester`, `bulan`, `table`, `catatan`, `penginput`, `created_at`) VALUES
(1, 2, 13, 13, 1, 7, 'agamadanmoral', 'Anak didik berkembang dengan baik', 'Andika Wahyu Setiyani', '2019-11-16 14:02:23'),
(2, 2, 13, 13, 1, 7, 'bahasa', 'Anak didik pandai berbicara bahasa indonesia', 'Andika Wahyu Setiyani', '2019-11-16 14:03:21');

-- --------------------------------------------------------

--
-- Struktur dari tabel `classes`
--

CREATE TABLE `classes` (
  `class_id` int(11) NOT NULL,
  `classname` varchar(255) NOT NULL,
  `year_id` int(11) NOT NULL,
  `countsiswa` int(11) NOT NULL DEFAULT '0',
  `created_at` timestamp NOT NULL DEFAULT CURRENT_TIMESTAMP
) ENGINE=InnoDB DEFAULT CHARSET=latin1;

--
-- Dumping data untuk tabel `classes`
--

INSERT INTO `classes` (`class_id`, `classname`, `year_id`, `countsiswa`, `created_at`) VALUES
(13, 'TK Kecil A', 13, 0, '2019-11-13 11:39:36'),
(14, 'TK Kecil B', 13, 0, '2019-11-13 11:39:36'),
(15, 'TK Besar A', 13, 0, '2019-11-13 11:39:36'),
(16, 'TK Besar B', 13, 0, '2019-11-13 11:39:36');

-- --------------------------------------------------------

--
-- Struktur dari tabel `ekstraagama`
--

CREATE TABLE `ekstraagama` (
  `id` int(11) NOT NULL,
  `siswa_id` int(11) NOT NULL,
  `class_id` int(11) NOT NULL,
  `year_id` int(11) NOT NULL,
  `semester` int(11) NOT NULL,
  `bulan` int(11) NOT NULL,
  `program_id` int(11) NOT NULL,
  `b` int(11) DEFAULT NULL,
  `c` int(11) DEFAULT NULL,
  `k` int(11) DEFAULT NULL,
  `user_id` int(11) DEFAULT NULL,
  `created_at` timestamp NOT NULL DEFAULT CURRENT_TIMESTAMP
) ENGINE=InnoDB DEFAULT CHARSET=latin1;

--
-- Dumping data untuk tabel `ekstraagama`
--

INSERT INTO `ekstraagama` (`id`, `siswa_id`, `class_id`, `year_id`, `semester`, `bulan`, `program_id`, `b`, `c`, `k`, `user_id`, `created_at`) VALUES
(1, 1, 13, 13, 1, 7, 1, NULL, NULL, NULL, NULL, '2019-11-16 13:58:49'),
(2, 1, 13, 13, 1, 7, 2, NULL, NULL, NULL, NULL, '2019-11-16 13:58:49'),
(3, 1, 13, 13, 1, 7, 3, NULL, NULL, NULL, NULL, '2019-11-16 13:58:49'),
(4, 1, 13, 13, 1, 7, 4, NULL, NULL, NULL, NULL, '2019-11-16 13:58:49'),
(5, 1, 13, 13, 1, 7, 5, NULL, NULL, NULL, NULL, '2019-11-16 13:58:49'),
(6, 1, 13, 13, 1, 7, 6, NULL, NULL, NULL, NULL, '2019-11-16 13:58:49'),
(7, 1, 13, 13, 1, 7, 7, NULL, NULL, NULL, NULL, '2019-11-16 13:58:49'),
(8, 1, 13, 13, 1, 8, 1, NULL, NULL, NULL, NULL, '2019-11-16 13:58:49'),
(9, 1, 13, 13, 1, 8, 2, NULL, NULL, NULL, NULL, '2019-11-16 13:58:49'),
(10, 1, 13, 13, 1, 8, 3, NULL, NULL, NULL, NULL, '2019-11-16 13:58:49'),
(11, 1, 13, 13, 1, 8, 4, NULL, NULL, NULL, NULL, '2019-11-16 13:58:49'),
(12, 1, 13, 13, 1, 8, 5, NULL, NULL, NULL, NULL, '2019-11-16 13:58:49'),
(13, 1, 13, 13, 1, 8, 6, NULL, NULL, NULL, NULL, '2019-11-16 13:58:49'),
(14, 1, 13, 13, 1, 8, 7, NULL, NULL, NULL, NULL, '2019-11-16 13:58:49'),
(15, 1, 13, 13, 1, 9, 1, NULL, NULL, NULL, NULL, '2019-11-16 13:58:50'),
(16, 1, 13, 13, 1, 9, 2, NULL, NULL, NULL, NULL, '2019-11-16 13:58:50'),
(17, 1, 13, 13, 1, 9, 3, NULL, NULL, NULL, NULL, '2019-11-16 13:58:50'),
(18, 1, 13, 13, 1, 9, 4, NULL, NULL, NULL, NULL, '2019-11-16 13:58:50'),
(19, 1, 13, 13, 1, 9, 5, NULL, NULL, NULL, NULL, '2019-11-16 13:58:50'),
(20, 1, 13, 13, 1, 9, 6, NULL, NULL, NULL, NULL, '2019-11-16 13:58:50'),
(21, 1, 13, 13, 1, 9, 7, NULL, NULL, NULL, NULL, '2019-11-16 13:58:50'),
(22, 1, 13, 13, 1, 10, 1, NULL, NULL, NULL, NULL, '2019-11-16 13:58:50'),
(23, 1, 13, 13, 1, 10, 2, NULL, NULL, NULL, NULL, '2019-11-16 13:58:50'),
(24, 1, 13, 13, 1, 10, 3, NULL, NULL, NULL, NULL, '2019-11-16 13:58:50'),
(25, 1, 13, 13, 1, 10, 4, NULL, NULL, NULL, NULL, '2019-11-16 13:58:50'),
(26, 1, 13, 13, 1, 10, 5, NULL, NULL, NULL, NULL, '2019-11-16 13:58:50'),
(27, 1, 13, 13, 1, 10, 6, NULL, NULL, NULL, NULL, '2019-11-16 13:58:50'),
(28, 1, 13, 13, 1, 10, 7, NULL, NULL, NULL, NULL, '2019-11-16 13:58:50'),
(29, 1, 13, 13, 1, 11, 1, NULL, NULL, NULL, NULL, '2019-11-16 13:58:50'),
(30, 1, 13, 13, 1, 11, 2, NULL, NULL, NULL, NULL, '2019-11-16 13:58:50'),
(31, 1, 13, 13, 1, 11, 3, NULL, NULL, NULL, NULL, '2019-11-16 13:58:50'),
(32, 1, 13, 13, 1, 11, 4, NULL, NULL, NULL, NULL, '2019-11-16 13:58:50'),
(33, 1, 13, 13, 1, 11, 5, NULL, NULL, NULL, NULL, '2019-11-16 13:58:50'),
(34, 1, 13, 13, 1, 11, 6, NULL, NULL, NULL, NULL, '2019-11-16 13:58:50'),
(35, 1, 13, 13, 1, 11, 7, NULL, NULL, NULL, NULL, '2019-11-16 13:58:50'),
(36, 1, 13, 13, 1, 12, 1, NULL, NULL, NULL, NULL, '2019-11-16 13:58:50'),
(37, 1, 13, 13, 1, 12, 2, NULL, NULL, NULL, NULL, '2019-11-16 13:58:50'),
(38, 1, 13, 13, 1, 12, 3, NULL, NULL, NULL, NULL, '2019-11-16 13:58:50'),
(39, 1, 13, 13, 1, 12, 4, NULL, NULL, NULL, NULL, '2019-11-16 13:58:50'),
(40, 1, 13, 13, 1, 12, 5, NULL, NULL, NULL, NULL, '2019-11-16 13:58:50'),
(41, 1, 13, 13, 1, 12, 6, NULL, NULL, NULL, NULL, '2019-11-16 13:58:50'),
(42, 1, 13, 13, 1, 12, 7, NULL, NULL, NULL, NULL, '2019-11-16 13:58:50'),
(43, 1, 13, 13, 2, 1, 1, NULL, NULL, NULL, NULL, '2019-11-16 13:58:50'),
(44, 1, 13, 13, 2, 1, 2, NULL, NULL, NULL, NULL, '2019-11-16 13:58:50'),
(45, 1, 13, 13, 2, 1, 3, NULL, NULL, NULL, NULL, '2019-11-16 13:58:50'),
(46, 1, 13, 13, 2, 1, 4, NULL, NULL, NULL, NULL, '2019-11-16 13:58:50'),
(47, 1, 13, 13, 2, 1, 5, NULL, NULL, NULL, NULL, '2019-11-16 13:58:50'),
(48, 1, 13, 13, 2, 1, 6, NULL, NULL, NULL, NULL, '2019-11-16 13:58:50'),
(49, 1, 13, 13, 2, 1, 7, NULL, NULL, NULL, NULL, '2019-11-16 13:58:50'),
(50, 1, 13, 13, 2, 2, 1, NULL, NULL, NULL, NULL, '2019-11-16 13:58:50'),
(51, 1, 13, 13, 2, 2, 2, NULL, NULL, NULL, NULL, '2019-11-16 13:58:50'),
(52, 1, 13, 13, 2, 2, 3, NULL, NULL, NULL, NULL, '2019-11-16 13:58:50'),
(53, 1, 13, 13, 2, 2, 4, NULL, NULL, NULL, NULL, '2019-11-16 13:58:50'),
(54, 1, 13, 13, 2, 2, 5, NULL, NULL, NULL, NULL, '2019-11-16 13:58:50'),
(55, 1, 13, 13, 2, 2, 6, NULL, NULL, NULL, NULL, '2019-11-16 13:58:50'),
(56, 1, 13, 13, 2, 2, 7, NULL, NULL, NULL, NULL, '2019-11-16 13:58:50'),
(57, 1, 13, 13, 2, 3, 1, NULL, NULL, NULL, NULL, '2019-11-16 13:58:50'),
(58, 1, 13, 13, 2, 3, 2, NULL, NULL, NULL, NULL, '2019-11-16 13:58:50'),
(59, 1, 13, 13, 2, 3, 3, NULL, NULL, NULL, NULL, '2019-11-16 13:58:50'),
(60, 1, 13, 13, 2, 3, 4, NULL, NULL, NULL, NULL, '2019-11-16 13:58:50'),
(61, 1, 13, 13, 2, 3, 5, NULL, NULL, NULL, NULL, '2019-11-16 13:58:50'),
(62, 1, 13, 13, 2, 3, 6, NULL, NULL, NULL, NULL, '2019-11-16 13:58:50'),
(63, 1, 13, 13, 2, 3, 7, NULL, NULL, NULL, NULL, '2019-11-16 13:58:50'),
(64, 1, 13, 13, 2, 4, 1, NULL, NULL, NULL, NULL, '2019-11-16 13:58:50'),
(65, 1, 13, 13, 2, 4, 2, NULL, NULL, NULL, NULL, '2019-11-16 13:58:50'),
(66, 1, 13, 13, 2, 4, 3, NULL, NULL, NULL, NULL, '2019-11-16 13:58:50'),
(67, 1, 13, 13, 2, 4, 4, NULL, NULL, NULL, NULL, '2019-11-16 13:58:50'),
(68, 1, 13, 13, 2, 4, 5, NULL, NULL, NULL, NULL, '2019-11-16 13:58:50'),
(69, 1, 13, 13, 2, 4, 6, NULL, NULL, NULL, NULL, '2019-11-16 13:58:50'),
(70, 1, 13, 13, 2, 4, 7, NULL, NULL, NULL, NULL, '2019-11-16 13:58:50'),
(71, 1, 13, 13, 2, 5, 1, NULL, NULL, NULL, NULL, '2019-11-16 13:58:50'),
(72, 1, 13, 13, 2, 5, 2, NULL, NULL, NULL, NULL, '2019-11-16 13:58:50'),
(73, 1, 13, 13, 2, 5, 3, NULL, NULL, NULL, NULL, '2019-11-16 13:58:50'),
(74, 1, 13, 13, 2, 5, 4, NULL, NULL, NULL, NULL, '2019-11-16 13:58:50'),
(75, 1, 13, 13, 2, 5, 5, NULL, NULL, NULL, NULL, '2019-11-16 13:58:50'),
(76, 1, 13, 13, 2, 5, 6, NULL, NULL, NULL, NULL, '2019-11-16 13:58:50'),
(77, 1, 13, 13, 2, 5, 7, NULL, NULL, NULL, NULL, '2019-11-16 13:58:50'),
(78, 1, 13, 13, 2, 6, 1, NULL, NULL, NULL, NULL, '2019-11-16 13:58:51'),
(79, 1, 13, 13, 2, 6, 2, NULL, NULL, NULL, NULL, '2019-11-16 13:58:51'),
(80, 1, 13, 13, 2, 6, 3, NULL, NULL, NULL, NULL, '2019-11-16 13:58:51'),
(81, 1, 13, 13, 2, 6, 4, NULL, NULL, NULL, NULL, '2019-11-16 13:58:51'),
(82, 1, 13, 13, 2, 6, 5, NULL, NULL, NULL, NULL, '2019-11-16 13:58:51'),
(83, 1, 13, 13, 2, 6, 6, NULL, NULL, NULL, NULL, '2019-11-16 13:58:51'),
(84, 1, 13, 13, 2, 6, 7, NULL, NULL, NULL, NULL, '2019-11-16 13:58:51'),
(85, 2, 13, 13, 1, 7, 1, NULL, NULL, NULL, NULL, '2019-11-16 14:00:16'),
(86, 2, 13, 13, 1, 7, 2, NULL, NULL, NULL, NULL, '2019-11-16 14:00:16'),
(87, 2, 13, 13, 1, 7, 3, NULL, NULL, NULL, NULL, '2019-11-16 14:00:16'),
(88, 2, 13, 13, 1, 7, 4, NULL, NULL, NULL, NULL, '2019-11-16 14:00:16'),
(89, 2, 13, 13, 1, 7, 5, NULL, NULL, NULL, NULL, '2019-11-16 14:00:16'),
(90, 2, 13, 13, 1, 7, 6, NULL, NULL, NULL, NULL, '2019-11-16 14:00:16'),
(91, 2, 13, 13, 1, 7, 7, NULL, NULL, NULL, NULL, '2019-11-16 14:00:16'),
(92, 2, 13, 13, 1, 8, 1, NULL, NULL, NULL, NULL, '2019-11-16 14:00:16'),
(93, 2, 13, 13, 1, 8, 2, NULL, NULL, NULL, NULL, '2019-11-16 14:00:16'),
(94, 2, 13, 13, 1, 8, 3, NULL, NULL, NULL, NULL, '2019-11-16 14:00:16'),
(95, 2, 13, 13, 1, 8, 4, NULL, NULL, NULL, NULL, '2019-11-16 14:00:16'),
(96, 2, 13, 13, 1, 8, 5, NULL, NULL, NULL, NULL, '2019-11-16 14:00:16'),
(97, 2, 13, 13, 1, 8, 6, NULL, NULL, NULL, NULL, '2019-11-16 14:00:16'),
(98, 2, 13, 13, 1, 8, 7, NULL, NULL, NULL, NULL, '2019-11-16 14:00:16'),
(99, 2, 13, 13, 1, 9, 1, NULL, NULL, NULL, NULL, '2019-11-16 14:00:16'),
(100, 2, 13, 13, 1, 9, 2, NULL, NULL, NULL, NULL, '2019-11-16 14:00:16'),
(101, 2, 13, 13, 1, 9, 3, NULL, NULL, NULL, NULL, '2019-11-16 14:00:16'),
(102, 2, 13, 13, 1, 9, 4, NULL, NULL, NULL, NULL, '2019-11-16 14:00:16'),
(103, 2, 13, 13, 1, 9, 5, NULL, NULL, NULL, NULL, '2019-11-16 14:00:16'),
(104, 2, 13, 13, 1, 9, 6, NULL, NULL, NULL, NULL, '2019-11-16 14:00:16'),
(105, 2, 13, 13, 1, 9, 7, NULL, NULL, NULL, NULL, '2019-11-16 14:00:16'),
(106, 2, 13, 13, 1, 10, 1, NULL, NULL, NULL, NULL, '2019-11-16 14:00:16'),
(107, 2, 13, 13, 1, 10, 2, NULL, NULL, NULL, NULL, '2019-11-16 14:00:16'),
(108, 2, 13, 13, 1, 10, 3, NULL, NULL, NULL, NULL, '2019-11-16 14:00:16'),
(109, 2, 13, 13, 1, 10, 4, NULL, NULL, NULL, NULL, '2019-11-16 14:00:16'),
(110, 2, 13, 13, 1, 10, 5, NULL, NULL, NULL, NULL, '2019-11-16 14:00:16'),
(111, 2, 13, 13, 1, 10, 6, NULL, NULL, NULL, NULL, '2019-11-16 14:00:16'),
(112, 2, 13, 13, 1, 10, 7, NULL, NULL, NULL, NULL, '2019-11-16 14:00:16'),
(113, 2, 13, 13, 1, 11, 1, NULL, NULL, NULL, NULL, '2019-11-16 14:00:16'),
(114, 2, 13, 13, 1, 11, 2, NULL, NULL, NULL, NULL, '2019-11-16 14:00:16'),
(115, 2, 13, 13, 1, 11, 3, NULL, NULL, NULL, NULL, '2019-11-16 14:00:16'),
(116, 2, 13, 13, 1, 11, 4, NULL, NULL, NULL, NULL, '2019-11-16 14:00:16'),
(117, 2, 13, 13, 1, 11, 5, NULL, NULL, NULL, NULL, '2019-11-16 14:00:16'),
(118, 2, 13, 13, 1, 11, 6, NULL, NULL, NULL, NULL, '2019-11-16 14:00:16'),
(119, 2, 13, 13, 1, 11, 7, NULL, NULL, NULL, NULL, '2019-11-16 14:00:16'),
(120, 2, 13, 13, 1, 12, 1, NULL, NULL, NULL, NULL, '2019-11-16 14:00:17'),
(121, 2, 13, 13, 1, 12, 2, NULL, NULL, NULL, NULL, '2019-11-16 14:00:17'),
(122, 2, 13, 13, 1, 12, 3, NULL, NULL, NULL, NULL, '2019-11-16 14:00:17'),
(123, 2, 13, 13, 1, 12, 4, NULL, NULL, NULL, NULL, '2019-11-16 14:00:17'),
(124, 2, 13, 13, 1, 12, 5, NULL, NULL, NULL, NULL, '2019-11-16 14:00:17'),
(125, 2, 13, 13, 1, 12, 6, NULL, NULL, NULL, NULL, '2019-11-16 14:00:17'),
(126, 2, 13, 13, 1, 12, 7, NULL, NULL, NULL, NULL, '2019-11-16 14:00:17'),
(127, 2, 13, 13, 2, 1, 1, NULL, NULL, NULL, NULL, '2019-11-16 14:00:17'),
(128, 2, 13, 13, 2, 1, 2, NULL, NULL, NULL, NULL, '2019-11-16 14:00:17'),
(129, 2, 13, 13, 2, 1, 3, NULL, NULL, NULL, NULL, '2019-11-16 14:00:17'),
(130, 2, 13, 13, 2, 1, 4, NULL, NULL, NULL, NULL, '2019-11-16 14:00:17'),
(131, 2, 13, 13, 2, 1, 5, NULL, NULL, NULL, NULL, '2019-11-16 14:00:17'),
(132, 2, 13, 13, 2, 1, 6, NULL, NULL, NULL, NULL, '2019-11-16 14:00:17'),
(133, 2, 13, 13, 2, 1, 7, NULL, NULL, NULL, NULL, '2019-11-16 14:00:17'),
(134, 2, 13, 13, 2, 2, 1, NULL, NULL, NULL, NULL, '2019-11-16 14:00:17'),
(135, 2, 13, 13, 2, 2, 2, NULL, NULL, NULL, NULL, '2019-11-16 14:00:17'),
(136, 2, 13, 13, 2, 2, 3, NULL, NULL, NULL, NULL, '2019-11-16 14:00:17'),
(137, 2, 13, 13, 2, 2, 4, NULL, NULL, NULL, NULL, '2019-11-16 14:00:17'),
(138, 2, 13, 13, 2, 2, 5, NULL, NULL, NULL, NULL, '2019-11-16 14:00:17'),
(139, 2, 13, 13, 2, 2, 6, NULL, NULL, NULL, NULL, '2019-11-16 14:00:17'),
(140, 2, 13, 13, 2, 2, 7, NULL, NULL, NULL, NULL, '2019-11-16 14:00:17'),
(141, 2, 13, 13, 2, 3, 1, NULL, NULL, NULL, NULL, '2019-11-16 14:00:18'),
(142, 2, 13, 13, 2, 3, 2, NULL, NULL, NULL, NULL, '2019-11-16 14:00:18'),
(143, 2, 13, 13, 2, 3, 3, NULL, NULL, NULL, NULL, '2019-11-16 14:00:18'),
(144, 2, 13, 13, 2, 3, 4, NULL, NULL, NULL, NULL, '2019-11-16 14:00:18'),
(145, 2, 13, 13, 2, 3, 5, NULL, NULL, NULL, NULL, '2019-11-16 14:00:18'),
(146, 2, 13, 13, 2, 3, 6, NULL, NULL, NULL, NULL, '2019-11-16 14:00:18'),
(147, 2, 13, 13, 2, 3, 7, NULL, NULL, NULL, NULL, '2019-11-16 14:00:18'),
(148, 2, 13, 13, 2, 4, 1, NULL, NULL, NULL, NULL, '2019-11-16 14:00:18'),
(149, 2, 13, 13, 2, 4, 2, NULL, NULL, NULL, NULL, '2019-11-16 14:00:18'),
(150, 2, 13, 13, 2, 4, 3, NULL, NULL, NULL, NULL, '2019-11-16 14:00:18'),
(151, 2, 13, 13, 2, 4, 4, NULL, NULL, NULL, NULL, '2019-11-16 14:00:18'),
(152, 2, 13, 13, 2, 4, 5, NULL, NULL, NULL, NULL, '2019-11-16 14:00:18'),
(153, 2, 13, 13, 2, 4, 6, NULL, NULL, NULL, NULL, '2019-11-16 14:00:18'),
(154, 2, 13, 13, 2, 4, 7, NULL, NULL, NULL, NULL, '2019-11-16 14:00:18'),
(155, 2, 13, 13, 2, 5, 1, NULL, NULL, NULL, NULL, '2019-11-16 14:00:18'),
(156, 2, 13, 13, 2, 5, 2, NULL, NULL, NULL, NULL, '2019-11-16 14:00:18'),
(157, 2, 13, 13, 2, 5, 3, NULL, NULL, NULL, NULL, '2019-11-16 14:00:18'),
(158, 2, 13, 13, 2, 5, 4, NULL, NULL, NULL, NULL, '2019-11-16 14:00:18'),
(159, 2, 13, 13, 2, 5, 5, NULL, NULL, NULL, NULL, '2019-11-16 14:00:18'),
(160, 2, 13, 13, 2, 5, 6, NULL, NULL, NULL, NULL, '2019-11-16 14:00:18'),
(161, 2, 13, 13, 2, 5, 7, NULL, NULL, NULL, NULL, '2019-11-16 14:00:18'),
(162, 2, 13, 13, 2, 6, 1, NULL, NULL, NULL, NULL, '2019-11-16 14:00:18'),
(163, 2, 13, 13, 2, 6, 2, NULL, NULL, NULL, NULL, '2019-11-16 14:00:18'),
(164, 2, 13, 13, 2, 6, 3, NULL, NULL, NULL, NULL, '2019-11-16 14:00:18'),
(165, 2, 13, 13, 2, 6, 4, NULL, NULL, NULL, NULL, '2019-11-16 14:00:18'),
(166, 2, 13, 13, 2, 6, 5, NULL, NULL, NULL, NULL, '2019-11-16 14:00:18'),
(167, 2, 13, 13, 2, 6, 6, NULL, NULL, NULL, NULL, '2019-11-16 14:00:18'),
(168, 2, 13, 13, 2, 6, 7, NULL, NULL, NULL, NULL, '2019-11-16 14:00:18');

-- --------------------------------------------------------

--
-- Struktur dari tabel `ekstrabahasajawa`
--

CREATE TABLE `ekstrabahasajawa` (
  `id` int(11) NOT NULL,
  `siswa_id` int(11) NOT NULL,
  `class_id` int(11) NOT NULL,
  `year_id` int(11) NOT NULL,
  `semester` int(11) NOT NULL,
  `bulan` int(11) NOT NULL,
  `program_id` int(11) NOT NULL,
  `b` int(11) DEFAULT NULL,
  `c` int(11) DEFAULT NULL,
  `k` int(11) DEFAULT NULL,
  `user_id` int(11) DEFAULT NULL,
  `created_at` timestamp NOT NULL DEFAULT CURRENT_TIMESTAMP
) ENGINE=InnoDB DEFAULT CHARSET=latin1;

--
-- Dumping data untuk tabel `ekstrabahasajawa`
--

INSERT INTO `ekstrabahasajawa` (`id`, `siswa_id`, `class_id`, `year_id`, `semester`, `bulan`, `program_id`, `b`, `c`, `k`, `user_id`, `created_at`) VALUES
(1, 1, 13, 13, 1, 7, 1, NULL, NULL, NULL, NULL, '2019-11-16 13:58:49'),
(2, 1, 13, 13, 1, 7, 2, NULL, NULL, NULL, NULL, '2019-11-16 13:58:49'),
(3, 1, 13, 13, 1, 8, 1, NULL, NULL, NULL, NULL, '2019-11-16 13:58:49'),
(4, 1, 13, 13, 1, 8, 2, NULL, NULL, NULL, NULL, '2019-11-16 13:58:49'),
(5, 1, 13, 13, 1, 9, 1, NULL, NULL, NULL, NULL, '2019-11-16 13:58:50'),
(6, 1, 13, 13, 1, 9, 2, NULL, NULL, NULL, NULL, '2019-11-16 13:58:50'),
(7, 1, 13, 13, 1, 10, 1, NULL, NULL, NULL, NULL, '2019-11-16 13:58:50'),
(8, 1, 13, 13, 1, 10, 2, NULL, NULL, NULL, NULL, '2019-11-16 13:58:50'),
(9, 1, 13, 13, 1, 11, 1, NULL, NULL, NULL, NULL, '2019-11-16 13:58:50'),
(10, 1, 13, 13, 1, 11, 2, NULL, NULL, NULL, NULL, '2019-11-16 13:58:50'),
(11, 1, 13, 13, 1, 12, 1, NULL, NULL, NULL, NULL, '2019-11-16 13:58:50'),
(12, 1, 13, 13, 1, 12, 2, NULL, NULL, NULL, NULL, '2019-11-16 13:58:50'),
(13, 1, 13, 13, 2, 1, 1, NULL, NULL, NULL, NULL, '2019-11-16 13:58:50'),
(14, 1, 13, 13, 2, 1, 2, NULL, NULL, NULL, NULL, '2019-11-16 13:58:50'),
(15, 1, 13, 13, 2, 2, 1, NULL, NULL, NULL, NULL, '2019-11-16 13:58:50'),
(16, 1, 13, 13, 2, 2, 2, NULL, NULL, NULL, NULL, '2019-11-16 13:58:50'),
(17, 1, 13, 13, 2, 3, 1, NULL, NULL, NULL, NULL, '2019-11-16 13:58:50'),
(18, 1, 13, 13, 2, 3, 2, NULL, NULL, NULL, NULL, '2019-11-16 13:58:50'),
(19, 1, 13, 13, 2, 4, 1, NULL, NULL, NULL, NULL, '2019-11-16 13:58:50'),
(20, 1, 13, 13, 2, 4, 2, NULL, NULL, NULL, NULL, '2019-11-16 13:58:50'),
(21, 1, 13, 13, 2, 5, 1, NULL, NULL, NULL, NULL, '2019-11-16 13:58:50'),
(22, 1, 13, 13, 2, 5, 2, NULL, NULL, NULL, NULL, '2019-11-16 13:58:50'),
(23, 1, 13, 13, 2, 6, 1, NULL, NULL, NULL, NULL, '2019-11-16 13:58:51'),
(24, 1, 13, 13, 2, 6, 2, NULL, NULL, NULL, NULL, '2019-11-16 13:58:51'),
(25, 2, 13, 13, 1, 7, 1, NULL, NULL, NULL, NULL, '2019-11-16 14:00:16'),
(26, 2, 13, 13, 1, 7, 2, NULL, NULL, NULL, NULL, '2019-11-16 14:00:16'),
(27, 2, 13, 13, 1, 8, 1, NULL, NULL, NULL, NULL, '2019-11-16 14:00:16'),
(28, 2, 13, 13, 1, 8, 2, NULL, NULL, NULL, NULL, '2019-11-16 14:00:16'),
(29, 2, 13, 13, 1, 9, 1, NULL, NULL, NULL, NULL, '2019-11-16 14:00:16'),
(30, 2, 13, 13, 1, 9, 2, NULL, NULL, NULL, NULL, '2019-11-16 14:00:16'),
(31, 2, 13, 13, 1, 10, 1, NULL, NULL, NULL, NULL, '2019-11-16 14:00:16'),
(32, 2, 13, 13, 1, 10, 2, NULL, NULL, NULL, NULL, '2019-11-16 14:00:16'),
(33, 2, 13, 13, 1, 11, 1, NULL, NULL, NULL, NULL, '2019-11-16 14:00:16'),
(34, 2, 13, 13, 1, 11, 2, NULL, NULL, NULL, NULL, '2019-11-16 14:00:16'),
(35, 2, 13, 13, 1, 12, 1, NULL, NULL, NULL, NULL, '2019-11-16 14:00:17'),
(36, 2, 13, 13, 1, 12, 2, NULL, NULL, NULL, NULL, '2019-11-16 14:00:17'),
(37, 2, 13, 13, 2, 1, 1, NULL, NULL, NULL, NULL, '2019-11-16 14:00:17'),
(38, 2, 13, 13, 2, 1, 2, NULL, NULL, NULL, NULL, '2019-11-16 14:00:17'),
(39, 2, 13, 13, 2, 2, 1, NULL, NULL, NULL, NULL, '2019-11-16 14:00:17'),
(40, 2, 13, 13, 2, 2, 2, NULL, NULL, NULL, NULL, '2019-11-16 14:00:17'),
(41, 2, 13, 13, 2, 3, 1, NULL, NULL, NULL, NULL, '2019-11-16 14:00:18'),
(42, 2, 13, 13, 2, 3, 2, NULL, NULL, NULL, NULL, '2019-11-16 14:00:18'),
(43, 2, 13, 13, 2, 4, 1, NULL, NULL, NULL, NULL, '2019-11-16 14:00:18'),
(44, 2, 13, 13, 2, 4, 2, NULL, NULL, NULL, NULL, '2019-11-16 14:00:18'),
(45, 2, 13, 13, 2, 5, 1, NULL, NULL, NULL, NULL, '2019-11-16 14:00:18'),
(46, 2, 13, 13, 2, 5, 2, NULL, NULL, NULL, NULL, '2019-11-16 14:00:18'),
(47, 2, 13, 13, 2, 6, 1, NULL, NULL, NULL, NULL, '2019-11-16 14:00:18'),
(48, 2, 13, 13, 2, 6, 2, NULL, NULL, NULL, NULL, '2019-11-16 14:00:18');

-- --------------------------------------------------------

--
-- Struktur dari tabel `ekstradrumbband`
--

CREATE TABLE `ekstradrumbband` (
  `id` int(11) NOT NULL,
  `siswa_id` int(11) NOT NULL,
  `class_id` int(11) NOT NULL,
  `year_id` int(11) NOT NULL,
  `semester` int(11) NOT NULL,
  `bulan` int(11) NOT NULL,
  `program_id` int(11) NOT NULL,
  `b` int(11) DEFAULT NULL,
  `c` int(11) DEFAULT NULL,
  `k` int(11) DEFAULT NULL,
  `user_id` int(11) DEFAULT NULL,
  `created_at` timestamp NOT NULL DEFAULT CURRENT_TIMESTAMP
) ENGINE=InnoDB DEFAULT CHARSET=latin1;

--
-- Dumping data untuk tabel `ekstradrumbband`
--

INSERT INTO `ekstradrumbband` (`id`, `siswa_id`, `class_id`, `year_id`, `semester`, `bulan`, `program_id`, `b`, `c`, `k`, `user_id`, `created_at`) VALUES
(1, 1, 13, 13, 1, 7, 1, NULL, NULL, NULL, NULL, '2019-11-16 13:58:49'),
(2, 1, 13, 13, 1, 7, 2, NULL, NULL, NULL, NULL, '2019-11-16 13:58:49'),
(3, 1, 13, 13, 1, 7, 3, NULL, NULL, NULL, NULL, '2019-11-16 13:58:49'),
(4, 1, 13, 13, 1, 7, 4, NULL, NULL, NULL, NULL, '2019-11-16 13:58:49'),
(5, 1, 13, 13, 1, 8, 1, NULL, NULL, NULL, NULL, '2019-11-16 13:58:49'),
(6, 1, 13, 13, 1, 8, 2, NULL, NULL, NULL, NULL, '2019-11-16 13:58:49'),
(7, 1, 13, 13, 1, 8, 3, NULL, NULL, NULL, NULL, '2019-11-16 13:58:49'),
(8, 1, 13, 13, 1, 8, 4, NULL, NULL, NULL, NULL, '2019-11-16 13:58:49'),
(9, 1, 13, 13, 1, 9, 1, NULL, NULL, NULL, NULL, '2019-11-16 13:58:50'),
(10, 1, 13, 13, 1, 9, 2, NULL, NULL, NULL, NULL, '2019-11-16 13:58:50'),
(11, 1, 13, 13, 1, 9, 3, NULL, NULL, NULL, NULL, '2019-11-16 13:58:50'),
(12, 1, 13, 13, 1, 9, 4, NULL, NULL, NULL, NULL, '2019-11-16 13:58:50'),
(13, 1, 13, 13, 1, 10, 1, NULL, NULL, NULL, NULL, '2019-11-16 13:58:50'),
(14, 1, 13, 13, 1, 10, 2, NULL, NULL, NULL, NULL, '2019-11-16 13:58:50'),
(15, 1, 13, 13, 1, 10, 3, NULL, NULL, NULL, NULL, '2019-11-16 13:58:50'),
(16, 1, 13, 13, 1, 10, 4, NULL, NULL, NULL, NULL, '2019-11-16 13:58:50'),
(17, 1, 13, 13, 1, 11, 1, NULL, NULL, NULL, NULL, '2019-11-16 13:58:50'),
(18, 1, 13, 13, 1, 11, 2, NULL, NULL, NULL, NULL, '2019-11-16 13:58:50'),
(19, 1, 13, 13, 1, 11, 3, NULL, NULL, NULL, NULL, '2019-11-16 13:58:50'),
(20, 1, 13, 13, 1, 11, 4, NULL, NULL, NULL, NULL, '2019-11-16 13:58:50'),
(21, 1, 13, 13, 1, 12, 1, NULL, NULL, NULL, NULL, '2019-11-16 13:58:50'),
(22, 1, 13, 13, 1, 12, 2, NULL, NULL, NULL, NULL, '2019-11-16 13:58:50'),
(23, 1, 13, 13, 1, 12, 3, NULL, NULL, NULL, NULL, '2019-11-16 13:58:50'),
(24, 1, 13, 13, 1, 12, 4, NULL, NULL, NULL, NULL, '2019-11-16 13:58:50'),
(25, 1, 13, 13, 2, 1, 1, NULL, NULL, NULL, NULL, '2019-11-16 13:58:50'),
(26, 1, 13, 13, 2, 1, 2, NULL, NULL, NULL, NULL, '2019-11-16 13:58:50'),
(27, 1, 13, 13, 2, 1, 3, NULL, NULL, NULL, NULL, '2019-11-16 13:58:50'),
(28, 1, 13, 13, 2, 1, 4, NULL, NULL, NULL, NULL, '2019-11-16 13:58:50'),
(29, 1, 13, 13, 2, 2, 1, NULL, NULL, NULL, NULL, '2019-11-16 13:58:50'),
(30, 1, 13, 13, 2, 2, 2, NULL, NULL, NULL, NULL, '2019-11-16 13:58:50'),
(31, 1, 13, 13, 2, 2, 3, NULL, NULL, NULL, NULL, '2019-11-16 13:58:50'),
(32, 1, 13, 13, 2, 2, 4, NULL, NULL, NULL, NULL, '2019-11-16 13:58:50'),
(33, 1, 13, 13, 2, 3, 1, NULL, NULL, NULL, NULL, '2019-11-16 13:58:50'),
(34, 1, 13, 13, 2, 3, 2, NULL, NULL, NULL, NULL, '2019-11-16 13:58:50'),
(35, 1, 13, 13, 2, 3, 3, NULL, NULL, NULL, NULL, '2019-11-16 13:58:50'),
(36, 1, 13, 13, 2, 3, 4, NULL, NULL, NULL, NULL, '2019-11-16 13:58:50'),
(37, 1, 13, 13, 2, 4, 1, NULL, NULL, NULL, NULL, '2019-11-16 13:58:50'),
(38, 1, 13, 13, 2, 4, 2, NULL, NULL, NULL, NULL, '2019-11-16 13:58:50'),
(39, 1, 13, 13, 2, 4, 3, NULL, NULL, NULL, NULL, '2019-11-16 13:58:50'),
(40, 1, 13, 13, 2, 4, 4, NULL, NULL, NULL, NULL, '2019-11-16 13:58:50'),
(41, 1, 13, 13, 2, 5, 1, NULL, NULL, NULL, NULL, '2019-11-16 13:58:50'),
(42, 1, 13, 13, 2, 5, 2, NULL, NULL, NULL, NULL, '2019-11-16 13:58:50'),
(43, 1, 13, 13, 2, 5, 3, NULL, NULL, NULL, NULL, '2019-11-16 13:58:50'),
(44, 1, 13, 13, 2, 5, 4, NULL, NULL, NULL, NULL, '2019-11-16 13:58:50'),
(45, 1, 13, 13, 2, 6, 1, NULL, NULL, NULL, NULL, '2019-11-16 13:58:51'),
(46, 1, 13, 13, 2, 6, 2, NULL, NULL, NULL, NULL, '2019-11-16 13:58:51'),
(47, 1, 13, 13, 2, 6, 3, NULL, NULL, NULL, NULL, '2019-11-16 13:58:51'),
(48, 1, 13, 13, 2, 6, 4, NULL, NULL, NULL, NULL, '2019-11-16 13:58:51'),
(49, 2, 13, 13, 1, 7, 1, NULL, NULL, NULL, NULL, '2019-11-16 14:00:16'),
(50, 2, 13, 13, 1, 7, 2, NULL, NULL, NULL, NULL, '2019-11-16 14:00:16'),
(51, 2, 13, 13, 1, 7, 3, NULL, NULL, NULL, NULL, '2019-11-16 14:00:16'),
(52, 2, 13, 13, 1, 7, 4, NULL, NULL, NULL, NULL, '2019-11-16 14:00:16'),
(53, 2, 13, 13, 1, 8, 1, NULL, NULL, NULL, NULL, '2019-11-16 14:00:16'),
(54, 2, 13, 13, 1, 8, 2, NULL, NULL, NULL, NULL, '2019-11-16 14:00:16'),
(55, 2, 13, 13, 1, 8, 3, NULL, NULL, NULL, NULL, '2019-11-16 14:00:16'),
(56, 2, 13, 13, 1, 8, 4, NULL, NULL, NULL, NULL, '2019-11-16 14:00:16'),
(57, 2, 13, 13, 1, 9, 1, NULL, NULL, NULL, NULL, '2019-11-16 14:00:16'),
(58, 2, 13, 13, 1, 9, 2, NULL, NULL, NULL, NULL, '2019-11-16 14:00:16'),
(59, 2, 13, 13, 1, 9, 3, NULL, NULL, NULL, NULL, '2019-11-16 14:00:16'),
(60, 2, 13, 13, 1, 9, 4, NULL, NULL, NULL, NULL, '2019-11-16 14:00:16'),
(61, 2, 13, 13, 1, 10, 1, NULL, NULL, NULL, NULL, '2019-11-16 14:00:16'),
(62, 2, 13, 13, 1, 10, 2, NULL, NULL, NULL, NULL, '2019-11-16 14:00:16'),
(63, 2, 13, 13, 1, 10, 3, NULL, NULL, NULL, NULL, '2019-11-16 14:00:16'),
(64, 2, 13, 13, 1, 10, 4, NULL, NULL, NULL, NULL, '2019-11-16 14:00:16'),
(65, 2, 13, 13, 1, 11, 1, NULL, NULL, NULL, NULL, '2019-11-16 14:00:16'),
(66, 2, 13, 13, 1, 11, 2, NULL, NULL, NULL, NULL, '2019-11-16 14:00:16'),
(67, 2, 13, 13, 1, 11, 3, NULL, NULL, NULL, NULL, '2019-11-16 14:00:16'),
(68, 2, 13, 13, 1, 11, 4, NULL, NULL, NULL, NULL, '2019-11-16 14:00:16'),
(69, 2, 13, 13, 1, 12, 1, NULL, NULL, NULL, NULL, '2019-11-16 14:00:17'),
(70, 2, 13, 13, 1, 12, 2, NULL, NULL, NULL, NULL, '2019-11-16 14:00:17'),
(71, 2, 13, 13, 1, 12, 3, NULL, NULL, NULL, NULL, '2019-11-16 14:00:17'),
(72, 2, 13, 13, 1, 12, 4, NULL, NULL, NULL, NULL, '2019-11-16 14:00:17'),
(73, 2, 13, 13, 2, 1, 1, NULL, NULL, NULL, NULL, '2019-11-16 14:00:17'),
(74, 2, 13, 13, 2, 1, 2, NULL, NULL, NULL, NULL, '2019-11-16 14:00:17'),
(75, 2, 13, 13, 2, 1, 3, NULL, NULL, NULL, NULL, '2019-11-16 14:00:17'),
(76, 2, 13, 13, 2, 1, 4, NULL, NULL, NULL, NULL, '2019-11-16 14:00:17'),
(77, 2, 13, 13, 2, 2, 1, NULL, NULL, NULL, NULL, '2019-11-16 14:00:17'),
(78, 2, 13, 13, 2, 2, 2, NULL, NULL, NULL, NULL, '2019-11-16 14:00:17'),
(79, 2, 13, 13, 2, 2, 3, NULL, NULL, NULL, NULL, '2019-11-16 14:00:17'),
(80, 2, 13, 13, 2, 2, 4, NULL, NULL, NULL, NULL, '2019-11-16 14:00:17'),
(81, 2, 13, 13, 2, 3, 1, NULL, NULL, NULL, NULL, '2019-11-16 14:00:18'),
(82, 2, 13, 13, 2, 3, 2, NULL, NULL, NULL, NULL, '2019-11-16 14:00:18'),
(83, 2, 13, 13, 2, 3, 3, NULL, NULL, NULL, NULL, '2019-11-16 14:00:18'),
(84, 2, 13, 13, 2, 3, 4, NULL, NULL, NULL, NULL, '2019-11-16 14:00:18'),
(85, 2, 13, 13, 2, 4, 1, NULL, NULL, NULL, NULL, '2019-11-16 14:00:18'),
(86, 2, 13, 13, 2, 4, 2, NULL, NULL, NULL, NULL, '2019-11-16 14:00:18'),
(87, 2, 13, 13, 2, 4, 3, NULL, NULL, NULL, NULL, '2019-11-16 14:00:18'),
(88, 2, 13, 13, 2, 4, 4, NULL, NULL, NULL, NULL, '2019-11-16 14:00:18'),
(89, 2, 13, 13, 2, 5, 1, NULL, NULL, NULL, NULL, '2019-11-16 14:00:18'),
(90, 2, 13, 13, 2, 5, 2, NULL, NULL, NULL, NULL, '2019-11-16 14:00:18'),
(91, 2, 13, 13, 2, 5, 3, NULL, NULL, NULL, NULL, '2019-11-16 14:00:18'),
(92, 2, 13, 13, 2, 5, 4, NULL, NULL, NULL, NULL, '2019-11-16 14:00:18'),
(93, 2, 13, 13, 2, 6, 1, NULL, NULL, NULL, NULL, '2019-11-16 14:00:18'),
(94, 2, 13, 13, 2, 6, 2, NULL, NULL, NULL, NULL, '2019-11-16 14:00:18'),
(95, 2, 13, 13, 2, 6, 3, NULL, NULL, NULL, NULL, '2019-11-16 14:00:18'),
(96, 2, 13, 13, 2, 6, 4, NULL, NULL, NULL, NULL, '2019-11-16 14:00:18');

-- --------------------------------------------------------

--
-- Struktur dari tabel `ekstramenari`
--

CREATE TABLE `ekstramenari` (
  `id` int(11) NOT NULL,
  `siswa_id` int(11) NOT NULL,
  `class_id` int(11) NOT NULL,
  `year_id` int(11) NOT NULL,
  `semester` int(11) NOT NULL,
  `bulan` int(11) NOT NULL,
  `program_id` int(11) NOT NULL,
  `b` int(11) DEFAULT NULL,
  `c` int(11) DEFAULT NULL,
  `k` int(11) DEFAULT NULL,
  `user_id` int(11) DEFAULT NULL,
  `created_at` timestamp NOT NULL DEFAULT CURRENT_TIMESTAMP
) ENGINE=InnoDB DEFAULT CHARSET=latin1;

--
-- Dumping data untuk tabel `ekstramenari`
--

INSERT INTO `ekstramenari` (`id`, `siswa_id`, `class_id`, `year_id`, `semester`, `bulan`, `program_id`, `b`, `c`, `k`, `user_id`, `created_at`) VALUES
(1, 1, 13, 13, 1, 7, 1, NULL, NULL, NULL, NULL, '2019-11-16 13:58:49'),
(2, 1, 13, 13, 1, 7, 2, NULL, NULL, NULL, NULL, '2019-11-16 13:58:49'),
(3, 1, 13, 13, 1, 7, 3, NULL, NULL, NULL, NULL, '2019-11-16 13:58:49'),
(4, 1, 13, 13, 1, 7, 4, NULL, NULL, NULL, NULL, '2019-11-16 13:58:49'),
(5, 1, 13, 13, 1, 8, 1, NULL, NULL, NULL, NULL, '2019-11-16 13:58:49'),
(6, 1, 13, 13, 1, 8, 2, NULL, NULL, NULL, NULL, '2019-11-16 13:58:49'),
(7, 1, 13, 13, 1, 8, 3, NULL, NULL, NULL, NULL, '2019-11-16 13:58:49'),
(8, 1, 13, 13, 1, 8, 4, NULL, NULL, NULL, NULL, '2019-11-16 13:58:49'),
(9, 1, 13, 13, 1, 9, 1, NULL, NULL, NULL, NULL, '2019-11-16 13:58:50'),
(10, 1, 13, 13, 1, 9, 2, NULL, NULL, NULL, NULL, '2019-11-16 13:58:50'),
(11, 1, 13, 13, 1, 9, 3, NULL, NULL, NULL, NULL, '2019-11-16 13:58:50'),
(12, 1, 13, 13, 1, 9, 4, NULL, NULL, NULL, NULL, '2019-11-16 13:58:50'),
(13, 1, 13, 13, 1, 10, 1, NULL, NULL, NULL, NULL, '2019-11-16 13:58:50'),
(14, 1, 13, 13, 1, 10, 2, NULL, NULL, NULL, NULL, '2019-11-16 13:58:50'),
(15, 1, 13, 13, 1, 10, 3, NULL, NULL, NULL, NULL, '2019-11-16 13:58:50'),
(16, 1, 13, 13, 1, 10, 4, NULL, NULL, NULL, NULL, '2019-11-16 13:58:50'),
(17, 1, 13, 13, 1, 11, 1, NULL, NULL, NULL, NULL, '2019-11-16 13:58:50'),
(18, 1, 13, 13, 1, 11, 2, NULL, NULL, NULL, NULL, '2019-11-16 13:58:50'),
(19, 1, 13, 13, 1, 11, 3, NULL, NULL, NULL, NULL, '2019-11-16 13:58:50'),
(20, 1, 13, 13, 1, 11, 4, NULL, NULL, NULL, NULL, '2019-11-16 13:58:50'),
(21, 1, 13, 13, 1, 12, 1, NULL, NULL, NULL, NULL, '2019-11-16 13:58:50'),
(22, 1, 13, 13, 1, 12, 2, NULL, NULL, NULL, NULL, '2019-11-16 13:58:50'),
(23, 1, 13, 13, 1, 12, 3, NULL, NULL, NULL, NULL, '2019-11-16 13:58:50'),
(24, 1, 13, 13, 1, 12, 4, NULL, NULL, NULL, NULL, '2019-11-16 13:58:50'),
(25, 1, 13, 13, 2, 1, 1, NULL, NULL, NULL, NULL, '2019-11-16 13:58:50'),
(26, 1, 13, 13, 2, 1, 2, NULL, NULL, NULL, NULL, '2019-11-16 13:58:50'),
(27, 1, 13, 13, 2, 1, 3, NULL, NULL, NULL, NULL, '2019-11-16 13:58:50'),
(28, 1, 13, 13, 2, 1, 4, NULL, NULL, NULL, NULL, '2019-11-16 13:58:50'),
(29, 1, 13, 13, 2, 2, 1, NULL, NULL, NULL, NULL, '2019-11-16 13:58:50'),
(30, 1, 13, 13, 2, 2, 2, NULL, NULL, NULL, NULL, '2019-11-16 13:58:50'),
(31, 1, 13, 13, 2, 2, 3, NULL, NULL, NULL, NULL, '2019-11-16 13:58:50'),
(32, 1, 13, 13, 2, 2, 4, NULL, NULL, NULL, NULL, '2019-11-16 13:58:50'),
(33, 1, 13, 13, 2, 3, 1, NULL, NULL, NULL, NULL, '2019-11-16 13:58:50'),
(34, 1, 13, 13, 2, 3, 2, NULL, NULL, NULL, NULL, '2019-11-16 13:58:50'),
(35, 1, 13, 13, 2, 3, 3, NULL, NULL, NULL, NULL, '2019-11-16 13:58:50'),
(36, 1, 13, 13, 2, 3, 4, NULL, NULL, NULL, NULL, '2019-11-16 13:58:50'),
(37, 1, 13, 13, 2, 4, 1, NULL, NULL, NULL, NULL, '2019-11-16 13:58:50'),
(38, 1, 13, 13, 2, 4, 2, NULL, NULL, NULL, NULL, '2019-11-16 13:58:50'),
(39, 1, 13, 13, 2, 4, 3, NULL, NULL, NULL, NULL, '2019-11-16 13:58:50'),
(40, 1, 13, 13, 2, 4, 4, NULL, NULL, NULL, NULL, '2019-11-16 13:58:50'),
(41, 1, 13, 13, 2, 5, 1, NULL, NULL, NULL, NULL, '2019-11-16 13:58:50'),
(42, 1, 13, 13, 2, 5, 2, NULL, NULL, NULL, NULL, '2019-11-16 13:58:50'),
(43, 1, 13, 13, 2, 5, 3, NULL, NULL, NULL, NULL, '2019-11-16 13:58:50'),
(44, 1, 13, 13, 2, 5, 4, NULL, NULL, NULL, NULL, '2019-11-16 13:58:50'),
(45, 1, 13, 13, 2, 6, 1, NULL, NULL, NULL, NULL, '2019-11-16 13:58:51'),
(46, 1, 13, 13, 2, 6, 2, NULL, NULL, NULL, NULL, '2019-11-16 13:58:51'),
(47, 1, 13, 13, 2, 6, 3, NULL, NULL, NULL, NULL, '2019-11-16 13:58:51'),
(48, 1, 13, 13, 2, 6, 4, NULL, NULL, NULL, NULL, '2019-11-16 13:58:51'),
(49, 2, 13, 13, 1, 7, 1, NULL, NULL, NULL, NULL, '2019-11-16 14:00:16'),
(50, 2, 13, 13, 1, 7, 2, NULL, NULL, NULL, NULL, '2019-11-16 14:00:16'),
(51, 2, 13, 13, 1, 7, 3, NULL, NULL, NULL, NULL, '2019-11-16 14:00:16'),
(52, 2, 13, 13, 1, 7, 4, NULL, NULL, NULL, NULL, '2019-11-16 14:00:16'),
(53, 2, 13, 13, 1, 8, 1, NULL, NULL, NULL, NULL, '2019-11-16 14:00:16'),
(54, 2, 13, 13, 1, 8, 2, NULL, NULL, NULL, NULL, '2019-11-16 14:00:16'),
(55, 2, 13, 13, 1, 8, 3, NULL, NULL, NULL, NULL, '2019-11-16 14:00:16'),
(56, 2, 13, 13, 1, 8, 4, NULL, NULL, NULL, NULL, '2019-11-16 14:00:16'),
(57, 2, 13, 13, 1, 9, 1, NULL, NULL, NULL, NULL, '2019-11-16 14:00:16'),
(58, 2, 13, 13, 1, 9, 2, NULL, NULL, NULL, NULL, '2019-11-16 14:00:16'),
(59, 2, 13, 13, 1, 9, 3, NULL, NULL, NULL, NULL, '2019-11-16 14:00:16'),
(60, 2, 13, 13, 1, 9, 4, NULL, NULL, NULL, NULL, '2019-11-16 14:00:16'),
(61, 2, 13, 13, 1, 10, 1, NULL, NULL, NULL, NULL, '2019-11-16 14:00:16'),
(62, 2, 13, 13, 1, 10, 2, NULL, NULL, NULL, NULL, '2019-11-16 14:00:16'),
(63, 2, 13, 13, 1, 10, 3, NULL, NULL, NULL, NULL, '2019-11-16 14:00:16'),
(64, 2, 13, 13, 1, 10, 4, NULL, NULL, NULL, NULL, '2019-11-16 14:00:16'),
(65, 2, 13, 13, 1, 11, 1, NULL, NULL, NULL, NULL, '2019-11-16 14:00:16'),
(66, 2, 13, 13, 1, 11, 2, NULL, NULL, NULL, NULL, '2019-11-16 14:00:16'),
(67, 2, 13, 13, 1, 11, 3, NULL, NULL, NULL, NULL, '2019-11-16 14:00:16'),
(68, 2, 13, 13, 1, 11, 4, NULL, NULL, NULL, NULL, '2019-11-16 14:00:16'),
(69, 2, 13, 13, 1, 12, 1, NULL, NULL, NULL, NULL, '2019-11-16 14:00:17'),
(70, 2, 13, 13, 1, 12, 2, NULL, NULL, NULL, NULL, '2019-11-16 14:00:17'),
(71, 2, 13, 13, 1, 12, 3, NULL, NULL, NULL, NULL, '2019-11-16 14:00:17'),
(72, 2, 13, 13, 1, 12, 4, NULL, NULL, NULL, NULL, '2019-11-16 14:00:17'),
(73, 2, 13, 13, 2, 1, 1, NULL, NULL, NULL, NULL, '2019-11-16 14:00:17'),
(74, 2, 13, 13, 2, 1, 2, NULL, NULL, NULL, NULL, '2019-11-16 14:00:17'),
(75, 2, 13, 13, 2, 1, 3, NULL, NULL, NULL, NULL, '2019-11-16 14:00:17'),
(76, 2, 13, 13, 2, 1, 4, NULL, NULL, NULL, NULL, '2019-11-16 14:00:17'),
(77, 2, 13, 13, 2, 2, 1, NULL, NULL, NULL, NULL, '2019-11-16 14:00:17'),
(78, 2, 13, 13, 2, 2, 2, NULL, NULL, NULL, NULL, '2019-11-16 14:00:17'),
(79, 2, 13, 13, 2, 2, 3, NULL, NULL, NULL, NULL, '2019-11-16 14:00:17'),
(80, 2, 13, 13, 2, 2, 4, NULL, NULL, NULL, NULL, '2019-11-16 14:00:17'),
(81, 2, 13, 13, 2, 3, 1, NULL, NULL, NULL, NULL, '2019-11-16 14:00:18'),
(82, 2, 13, 13, 2, 3, 2, NULL, NULL, NULL, NULL, '2019-11-16 14:00:18'),
(83, 2, 13, 13, 2, 3, 3, NULL, NULL, NULL, NULL, '2019-11-16 14:00:18'),
(84, 2, 13, 13, 2, 3, 4, NULL, NULL, NULL, NULL, '2019-11-16 14:00:18'),
(85, 2, 13, 13, 2, 4, 1, NULL, NULL, NULL, NULL, '2019-11-16 14:00:18'),
(86, 2, 13, 13, 2, 4, 2, NULL, NULL, NULL, NULL, '2019-11-16 14:00:18'),
(87, 2, 13, 13, 2, 4, 3, NULL, NULL, NULL, NULL, '2019-11-16 14:00:18'),
(88, 2, 13, 13, 2, 4, 4, NULL, NULL, NULL, NULL, '2019-11-16 14:00:18'),
(89, 2, 13, 13, 2, 5, 1, NULL, NULL, NULL, NULL, '2019-11-16 14:00:18'),
(90, 2, 13, 13, 2, 5, 2, NULL, NULL, NULL, NULL, '2019-11-16 14:00:18'),
(91, 2, 13, 13, 2, 5, 3, NULL, NULL, NULL, NULL, '2019-11-16 14:00:18'),
(92, 2, 13, 13, 2, 5, 4, NULL, NULL, NULL, NULL, '2019-11-16 14:00:18'),
(93, 2, 13, 13, 2, 6, 1, NULL, NULL, NULL, NULL, '2019-11-16 14:00:18'),
(94, 2, 13, 13, 2, 6, 2, NULL, NULL, NULL, NULL, '2019-11-16 14:00:18'),
(95, 2, 13, 13, 2, 6, 3, NULL, NULL, NULL, NULL, '2019-11-16 14:00:18'),
(96, 2, 13, 13, 2, 6, 4, NULL, NULL, NULL, NULL, '2019-11-16 14:00:18');

-- --------------------------------------------------------

--
-- Struktur dari tabel `ekstramenggambar`
--

CREATE TABLE `ekstramenggambar` (
  `id` int(11) NOT NULL,
  `siswa_id` int(11) NOT NULL,
  `class_id` int(11) NOT NULL,
  `year_id` int(11) NOT NULL,
  `semester` int(11) NOT NULL,
  `bulan` int(11) NOT NULL,
  `program_id` int(11) NOT NULL,
  `b` int(11) DEFAULT NULL,
  `c` int(11) DEFAULT NULL,
  `k` int(11) DEFAULT NULL,
  `user_id` int(11) DEFAULT NULL,
  `created_at` timestamp NOT NULL DEFAULT CURRENT_TIMESTAMP
) ENGINE=InnoDB DEFAULT CHARSET=latin1;

--
-- Dumping data untuk tabel `ekstramenggambar`
--

INSERT INTO `ekstramenggambar` (`id`, `siswa_id`, `class_id`, `year_id`, `semester`, `bulan`, `program_id`, `b`, `c`, `k`, `user_id`, `created_at`) VALUES
(1, 1, 13, 13, 1, 7, 1, NULL, NULL, NULL, NULL, '2019-11-16 13:58:49'),
(2, 1, 13, 13, 1, 7, 2, NULL, NULL, NULL, NULL, '2019-11-16 13:58:49'),
(3, 1, 13, 13, 1, 7, 3, NULL, NULL, NULL, NULL, '2019-11-16 13:58:49'),
(4, 1, 13, 13, 1, 8, 1, NULL, NULL, NULL, NULL, '2019-11-16 13:58:49'),
(5, 1, 13, 13, 1, 8, 2, NULL, NULL, NULL, NULL, '2019-11-16 13:58:49'),
(6, 1, 13, 13, 1, 8, 3, NULL, NULL, NULL, NULL, '2019-11-16 13:58:49'),
(7, 1, 13, 13, 1, 9, 1, NULL, NULL, NULL, NULL, '2019-11-16 13:58:50'),
(8, 1, 13, 13, 1, 9, 2, NULL, NULL, NULL, NULL, '2019-11-16 13:58:50'),
(9, 1, 13, 13, 1, 9, 3, NULL, NULL, NULL, NULL, '2019-11-16 13:58:50'),
(10, 1, 13, 13, 1, 10, 1, NULL, NULL, NULL, NULL, '2019-11-16 13:58:50'),
(11, 1, 13, 13, 1, 10, 2, NULL, NULL, NULL, NULL, '2019-11-16 13:58:50'),
(12, 1, 13, 13, 1, 10, 3, NULL, NULL, NULL, NULL, '2019-11-16 13:58:50'),
(13, 1, 13, 13, 1, 11, 1, NULL, NULL, NULL, NULL, '2019-11-16 13:58:50'),
(14, 1, 13, 13, 1, 11, 2, NULL, NULL, NULL, NULL, '2019-11-16 13:58:50'),
(15, 1, 13, 13, 1, 11, 3, NULL, NULL, NULL, NULL, '2019-11-16 13:58:50'),
(16, 1, 13, 13, 1, 12, 1, NULL, NULL, NULL, NULL, '2019-11-16 13:58:50'),
(17, 1, 13, 13, 1, 12, 2, NULL, NULL, NULL, NULL, '2019-11-16 13:58:50'),
(18, 1, 13, 13, 1, 12, 3, NULL, NULL, NULL, NULL, '2019-11-16 13:58:50'),
(19, 1, 13, 13, 2, 1, 1, NULL, NULL, NULL, NULL, '2019-11-16 13:58:50'),
(20, 1, 13, 13, 2, 1, 2, NULL, NULL, NULL, NULL, '2019-11-16 13:58:50'),
(21, 1, 13, 13, 2, 1, 3, NULL, NULL, NULL, NULL, '2019-11-16 13:58:50'),
(22, 1, 13, 13, 2, 2, 1, NULL, NULL, NULL, NULL, '2019-11-16 13:58:50'),
(23, 1, 13, 13, 2, 2, 2, NULL, NULL, NULL, NULL, '2019-11-16 13:58:50'),
(24, 1, 13, 13, 2, 2, 3, NULL, NULL, NULL, NULL, '2019-11-16 13:58:50'),
(25, 1, 13, 13, 2, 3, 1, NULL, NULL, NULL, NULL, '2019-11-16 13:58:50'),
(26, 1, 13, 13, 2, 3, 2, NULL, NULL, NULL, NULL, '2019-11-16 13:58:50'),
(27, 1, 13, 13, 2, 3, 3, NULL, NULL, NULL, NULL, '2019-11-16 13:58:50'),
(28, 1, 13, 13, 2, 4, 1, NULL, NULL, NULL, NULL, '2019-11-16 13:58:50'),
(29, 1, 13, 13, 2, 4, 2, NULL, NULL, NULL, NULL, '2019-11-16 13:58:50'),
(30, 1, 13, 13, 2, 4, 3, NULL, NULL, NULL, NULL, '2019-11-16 13:58:50'),
(31, 1, 13, 13, 2, 5, 1, NULL, NULL, NULL, NULL, '2019-11-16 13:58:50'),
(32, 1, 13, 13, 2, 5, 2, NULL, NULL, NULL, NULL, '2019-11-16 13:58:50'),
(33, 1, 13, 13, 2, 5, 3, NULL, NULL, NULL, NULL, '2019-11-16 13:58:50'),
(34, 1, 13, 13, 2, 6, 1, NULL, NULL, NULL, NULL, '2019-11-16 13:58:51'),
(35, 1, 13, 13, 2, 6, 2, NULL, NULL, NULL, NULL, '2019-11-16 13:58:51'),
(36, 1, 13, 13, 2, 6, 3, NULL, NULL, NULL, NULL, '2019-11-16 13:58:51'),
(37, 2, 13, 13, 1, 7, 1, NULL, NULL, NULL, NULL, '2019-11-16 14:00:16'),
(38, 2, 13, 13, 1, 7, 2, NULL, NULL, NULL, NULL, '2019-11-16 14:00:16'),
(39, 2, 13, 13, 1, 7, 3, NULL, NULL, NULL, NULL, '2019-11-16 14:00:16'),
(40, 2, 13, 13, 1, 8, 1, NULL, NULL, NULL, NULL, '2019-11-16 14:00:16'),
(41, 2, 13, 13, 1, 8, 2, NULL, NULL, NULL, NULL, '2019-11-16 14:00:16'),
(42, 2, 13, 13, 1, 8, 3, NULL, NULL, NULL, NULL, '2019-11-16 14:00:16'),
(43, 2, 13, 13, 1, 9, 1, NULL, NULL, NULL, NULL, '2019-11-16 14:00:16'),
(44, 2, 13, 13, 1, 9, 2, NULL, NULL, NULL, NULL, '2019-11-16 14:00:16'),
(45, 2, 13, 13, 1, 9, 3, NULL, NULL, NULL, NULL, '2019-11-16 14:00:16'),
(46, 2, 13, 13, 1, 10, 1, NULL, NULL, NULL, NULL, '2019-11-16 14:00:16'),
(47, 2, 13, 13, 1, 10, 2, NULL, NULL, NULL, NULL, '2019-11-16 14:00:16'),
(48, 2, 13, 13, 1, 10, 3, NULL, NULL, NULL, NULL, '2019-11-16 14:00:16'),
(49, 2, 13, 13, 1, 11, 1, NULL, NULL, NULL, NULL, '2019-11-16 14:00:16'),
(50, 2, 13, 13, 1, 11, 2, NULL, NULL, NULL, NULL, '2019-11-16 14:00:16'),
(51, 2, 13, 13, 1, 11, 3, NULL, NULL, NULL, NULL, '2019-11-16 14:00:16'),
(52, 2, 13, 13, 1, 12, 1, NULL, NULL, NULL, NULL, '2019-11-16 14:00:17'),
(53, 2, 13, 13, 1, 12, 2, NULL, NULL, NULL, NULL, '2019-11-16 14:00:17'),
(54, 2, 13, 13, 1, 12, 3, NULL, NULL, NULL, NULL, '2019-11-16 14:00:17'),
(55, 2, 13, 13, 2, 1, 1, NULL, NULL, NULL, NULL, '2019-11-16 14:00:17'),
(56, 2, 13, 13, 2, 1, 2, NULL, NULL, NULL, NULL, '2019-11-16 14:00:17'),
(57, 2, 13, 13, 2, 1, 3, NULL, NULL, NULL, NULL, '2019-11-16 14:00:17'),
(58, 2, 13, 13, 2, 2, 1, NULL, NULL, NULL, NULL, '2019-11-16 14:00:17'),
(59, 2, 13, 13, 2, 2, 2, NULL, NULL, NULL, NULL, '2019-11-16 14:00:17'),
(60, 2, 13, 13, 2, 2, 3, NULL, NULL, NULL, NULL, '2019-11-16 14:00:17'),
(61, 2, 13, 13, 2, 3, 1, NULL, NULL, NULL, NULL, '2019-11-16 14:00:18'),
(62, 2, 13, 13, 2, 3, 2, NULL, NULL, NULL, NULL, '2019-11-16 14:00:18'),
(63, 2, 13, 13, 2, 3, 3, NULL, NULL, NULL, NULL, '2019-11-16 14:00:18'),
(64, 2, 13, 13, 2, 4, 1, NULL, NULL, NULL, NULL, '2019-11-16 14:00:18'),
(65, 2, 13, 13, 2, 4, 2, NULL, NULL, NULL, NULL, '2019-11-16 14:00:18'),
(66, 2, 13, 13, 2, 4, 3, NULL, NULL, NULL, NULL, '2019-11-16 14:00:18'),
(67, 2, 13, 13, 2, 5, 1, NULL, NULL, NULL, NULL, '2019-11-16 14:00:18'),
(68, 2, 13, 13, 2, 5, 2, NULL, NULL, NULL, NULL, '2019-11-16 14:00:18'),
(69, 2, 13, 13, 2, 5, 3, NULL, NULL, NULL, NULL, '2019-11-16 14:00:18'),
(70, 2, 13, 13, 2, 6, 1, NULL, NULL, NULL, NULL, '2019-11-16 14:00:18'),
(71, 2, 13, 13, 2, 6, 2, NULL, NULL, NULL, NULL, '2019-11-16 14:00:18'),
(72, 2, 13, 13, 2, 6, 3, NULL, NULL, NULL, NULL, '2019-11-16 14:00:18');

-- --------------------------------------------------------

--
-- Struktur dari tabel `kognitif`
--

CREATE TABLE `kognitif` (
  `id` int(11) NOT NULL,
  `siswa_id` int(11) NOT NULL,
  `class_id` int(11) NOT NULL,
  `year_id` int(11) NOT NULL,
  `semester` int(11) NOT NULL,
  `bulan` int(11) NOT NULL,
  `kemampuan_id` int(11) NOT NULL,
  `mb` int(11) DEFAULT NULL,
  `bb` int(11) DEFAULT NULL,
  `bsh` int(11) DEFAULT NULL,
  `bsb` int(11) DEFAULT NULL,
  `user_id` int(11) DEFAULT NULL,
  `created_at` timestamp NOT NULL DEFAULT CURRENT_TIMESTAMP
) ENGINE=InnoDB DEFAULT CHARSET=latin1;

--
-- Dumping data untuk tabel `kognitif`
--

INSERT INTO `kognitif` (`id`, `siswa_id`, `class_id`, `year_id`, `semester`, `bulan`, `kemampuan_id`, `mb`, `bb`, `bsh`, `bsb`, `user_id`, `created_at`) VALUES
(1, 1, 13, 13, 1, 7, 1, NULL, NULL, NULL, NULL, NULL, '2019-11-16 13:58:49'),
(2, 1, 13, 13, 1, 7, 2, NULL, NULL, NULL, NULL, NULL, '2019-11-16 13:58:49'),
(3, 1, 13, 13, 1, 7, 3, NULL, NULL, NULL, NULL, NULL, '2019-11-16 13:58:49'),
(4, 1, 13, 13, 1, 7, 4, NULL, NULL, NULL, NULL, NULL, '2019-11-16 13:58:49'),
(5, 1, 13, 13, 1, 7, 5, NULL, NULL, NULL, NULL, NULL, '2019-11-16 13:58:49'),
(6, 1, 13, 13, 1, 7, 6, NULL, NULL, NULL, NULL, NULL, '2019-11-16 13:58:49'),
(7, 1, 13, 13, 1, 7, 7, NULL, NULL, NULL, NULL, NULL, '2019-11-16 13:58:49'),
(8, 1, 13, 13, 1, 8, 1, NULL, NULL, NULL, NULL, NULL, '2019-11-16 13:58:49'),
(9, 1, 13, 13, 1, 8, 2, NULL, NULL, NULL, NULL, NULL, '2019-11-16 13:58:49'),
(10, 1, 13, 13, 1, 8, 3, NULL, NULL, NULL, NULL, NULL, '2019-11-16 13:58:49'),
(11, 1, 13, 13, 1, 8, 4, NULL, NULL, NULL, NULL, NULL, '2019-11-16 13:58:49'),
(12, 1, 13, 13, 1, 8, 5, NULL, NULL, NULL, NULL, NULL, '2019-11-16 13:58:49'),
(13, 1, 13, 13, 1, 8, 6, NULL, NULL, NULL, NULL, NULL, '2019-11-16 13:58:49'),
(14, 1, 13, 13, 1, 8, 7, NULL, NULL, NULL, NULL, NULL, '2019-11-16 13:58:49'),
(15, 1, 13, 13, 1, 9, 1, NULL, NULL, NULL, NULL, NULL, '2019-11-16 13:58:49'),
(16, 1, 13, 13, 1, 9, 2, NULL, NULL, NULL, NULL, NULL, '2019-11-16 13:58:49'),
(17, 1, 13, 13, 1, 9, 3, NULL, NULL, NULL, NULL, NULL, '2019-11-16 13:58:49'),
(18, 1, 13, 13, 1, 9, 4, NULL, NULL, NULL, NULL, NULL, '2019-11-16 13:58:49'),
(19, 1, 13, 13, 1, 9, 5, NULL, NULL, NULL, NULL, NULL, '2019-11-16 13:58:49'),
(20, 1, 13, 13, 1, 9, 6, NULL, NULL, NULL, NULL, NULL, '2019-11-16 13:58:49'),
(21, 1, 13, 13, 1, 9, 7, NULL, NULL, NULL, NULL, NULL, '2019-11-16 13:58:49'),
(22, 1, 13, 13, 1, 10, 1, NULL, NULL, NULL, NULL, NULL, '2019-11-16 13:58:50'),
(23, 1, 13, 13, 1, 10, 2, NULL, NULL, NULL, NULL, NULL, '2019-11-16 13:58:50'),
(24, 1, 13, 13, 1, 10, 3, NULL, NULL, NULL, NULL, NULL, '2019-11-16 13:58:50'),
(25, 1, 13, 13, 1, 10, 4, NULL, NULL, NULL, NULL, NULL, '2019-11-16 13:58:50'),
(26, 1, 13, 13, 1, 10, 5, NULL, NULL, NULL, NULL, NULL, '2019-11-16 13:58:50'),
(27, 1, 13, 13, 1, 10, 6, NULL, NULL, NULL, NULL, NULL, '2019-11-16 13:58:50'),
(28, 1, 13, 13, 1, 10, 7, NULL, NULL, NULL, NULL, NULL, '2019-11-16 13:58:50'),
(29, 1, 13, 13, 1, 11, 1, NULL, NULL, NULL, NULL, NULL, '2019-11-16 13:58:50'),
(30, 1, 13, 13, 1, 11, 2, NULL, NULL, NULL, NULL, NULL, '2019-11-16 13:58:50'),
(31, 1, 13, 13, 1, 11, 3, NULL, NULL, NULL, NULL, NULL, '2019-11-16 13:58:50'),
(32, 1, 13, 13, 1, 11, 4, NULL, NULL, NULL, NULL, NULL, '2019-11-16 13:58:50'),
(33, 1, 13, 13, 1, 11, 5, NULL, NULL, NULL, NULL, NULL, '2019-11-16 13:58:50'),
(34, 1, 13, 13, 1, 11, 6, NULL, NULL, NULL, NULL, NULL, '2019-11-16 13:58:50'),
(35, 1, 13, 13, 1, 11, 7, NULL, NULL, NULL, NULL, NULL, '2019-11-16 13:58:50'),
(36, 1, 13, 13, 1, 12, 1, NULL, NULL, NULL, NULL, NULL, '2019-11-16 13:58:50'),
(37, 1, 13, 13, 1, 12, 2, NULL, NULL, NULL, NULL, NULL, '2019-11-16 13:58:50'),
(38, 1, 13, 13, 1, 12, 3, NULL, NULL, NULL, NULL, NULL, '2019-11-16 13:58:50'),
(39, 1, 13, 13, 1, 12, 4, NULL, NULL, NULL, NULL, NULL, '2019-11-16 13:58:50'),
(40, 1, 13, 13, 1, 12, 5, NULL, NULL, NULL, NULL, NULL, '2019-11-16 13:58:50'),
(41, 1, 13, 13, 1, 12, 6, NULL, NULL, NULL, NULL, NULL, '2019-11-16 13:58:50'),
(42, 1, 13, 13, 1, 12, 7, NULL, NULL, NULL, NULL, NULL, '2019-11-16 13:58:50'),
(43, 1, 13, 13, 2, 1, 1, NULL, NULL, NULL, NULL, NULL, '2019-11-16 13:58:50'),
(44, 1, 13, 13, 2, 1, 2, NULL, NULL, NULL, NULL, NULL, '2019-11-16 13:58:50'),
(45, 1, 13, 13, 2, 1, 3, NULL, NULL, NULL, NULL, NULL, '2019-11-16 13:58:50'),
(46, 1, 13, 13, 2, 1, 4, NULL, NULL, NULL, NULL, NULL, '2019-11-16 13:58:50'),
(47, 1, 13, 13, 2, 1, 5, NULL, NULL, NULL, NULL, NULL, '2019-11-16 13:58:50'),
(48, 1, 13, 13, 2, 1, 6, NULL, NULL, NULL, NULL, NULL, '2019-11-16 13:58:50'),
(49, 1, 13, 13, 2, 1, 7, NULL, NULL, NULL, NULL, NULL, '2019-11-16 13:58:50'),
(50, 1, 13, 13, 2, 2, 1, NULL, NULL, NULL, NULL, NULL, '2019-11-16 13:58:50'),
(51, 1, 13, 13, 2, 2, 2, NULL, NULL, NULL, NULL, NULL, '2019-11-16 13:58:50'),
(52, 1, 13, 13, 2, 2, 3, NULL, NULL, NULL, NULL, NULL, '2019-11-16 13:58:50'),
(53, 1, 13, 13, 2, 2, 4, NULL, NULL, NULL, NULL, NULL, '2019-11-16 13:58:50'),
(54, 1, 13, 13, 2, 2, 5, NULL, NULL, NULL, NULL, NULL, '2019-11-16 13:58:50'),
(55, 1, 13, 13, 2, 2, 6, NULL, NULL, NULL, NULL, NULL, '2019-11-16 13:58:50'),
(56, 1, 13, 13, 2, 2, 7, NULL, NULL, NULL, NULL, NULL, '2019-11-16 13:58:50'),
(57, 1, 13, 13, 2, 3, 1, NULL, NULL, NULL, NULL, NULL, '2019-11-16 13:58:50'),
(58, 1, 13, 13, 2, 3, 2, NULL, NULL, NULL, NULL, NULL, '2019-11-16 13:58:50'),
(59, 1, 13, 13, 2, 3, 3, NULL, NULL, NULL, NULL, NULL, '2019-11-16 13:58:50'),
(60, 1, 13, 13, 2, 3, 4, NULL, NULL, NULL, NULL, NULL, '2019-11-16 13:58:50'),
(61, 1, 13, 13, 2, 3, 5, NULL, NULL, NULL, NULL, NULL, '2019-11-16 13:58:50'),
(62, 1, 13, 13, 2, 3, 6, NULL, NULL, NULL, NULL, NULL, '2019-11-16 13:58:50'),
(63, 1, 13, 13, 2, 3, 7, NULL, NULL, NULL, NULL, NULL, '2019-11-16 13:58:50'),
(64, 1, 13, 13, 2, 4, 1, NULL, NULL, NULL, NULL, NULL, '2019-11-16 13:58:50'),
(65, 1, 13, 13, 2, 4, 2, NULL, NULL, NULL, NULL, NULL, '2019-11-16 13:58:50'),
(66, 1, 13, 13, 2, 4, 3, NULL, NULL, NULL, NULL, NULL, '2019-11-16 13:58:50'),
(67, 1, 13, 13, 2, 4, 4, NULL, NULL, NULL, NULL, NULL, '2019-11-16 13:58:50'),
(68, 1, 13, 13, 2, 4, 5, NULL, NULL, NULL, NULL, NULL, '2019-11-16 13:58:50'),
(69, 1, 13, 13, 2, 4, 6, NULL, NULL, NULL, NULL, NULL, '2019-11-16 13:58:50'),
(70, 1, 13, 13, 2, 4, 7, NULL, NULL, NULL, NULL, NULL, '2019-11-16 13:58:50'),
(71, 1, 13, 13, 2, 5, 1, NULL, NULL, NULL, NULL, NULL, '2019-11-16 13:58:50'),
(72, 1, 13, 13, 2, 5, 2, NULL, NULL, NULL, NULL, NULL, '2019-11-16 13:58:50'),
(73, 1, 13, 13, 2, 5, 3, NULL, NULL, NULL, NULL, NULL, '2019-11-16 13:58:50'),
(74, 1, 13, 13, 2, 5, 4, NULL, NULL, NULL, NULL, NULL, '2019-11-16 13:58:50'),
(75, 1, 13, 13, 2, 5, 5, NULL, NULL, NULL, NULL, NULL, '2019-11-16 13:58:50'),
(76, 1, 13, 13, 2, 5, 6, NULL, NULL, NULL, NULL, NULL, '2019-11-16 13:58:50'),
(77, 1, 13, 13, 2, 5, 7, NULL, NULL, NULL, NULL, NULL, '2019-11-16 13:58:50'),
(78, 1, 13, 13, 2, 6, 1, NULL, NULL, NULL, NULL, NULL, '2019-11-16 13:58:50'),
(79, 1, 13, 13, 2, 6, 2, NULL, NULL, NULL, NULL, NULL, '2019-11-16 13:58:50'),
(80, 1, 13, 13, 2, 6, 3, NULL, NULL, NULL, NULL, NULL, '2019-11-16 13:58:50'),
(81, 1, 13, 13, 2, 6, 4, NULL, NULL, NULL, NULL, NULL, '2019-11-16 13:58:50'),
(82, 1, 13, 13, 2, 6, 5, NULL, NULL, NULL, NULL, NULL, '2019-11-16 13:58:50'),
(83, 1, 13, 13, 2, 6, 6, NULL, NULL, NULL, NULL, NULL, '2019-11-16 13:58:50'),
(84, 1, 13, 13, 2, 6, 7, NULL, NULL, NULL, NULL, NULL, '2019-11-16 13:58:50'),
(85, 2, 13, 13, 1, 7, 1, NULL, NULL, NULL, NULL, NULL, '2019-11-16 14:00:16'),
(86, 2, 13, 13, 1, 7, 2, NULL, NULL, NULL, NULL, NULL, '2019-11-16 14:00:16'),
(87, 2, 13, 13, 1, 7, 3, NULL, NULL, NULL, NULL, NULL, '2019-11-16 14:00:16'),
(88, 2, 13, 13, 1, 7, 4, NULL, NULL, NULL, NULL, NULL, '2019-11-16 14:00:16'),
(89, 2, 13, 13, 1, 7, 5, NULL, NULL, NULL, NULL, NULL, '2019-11-16 14:00:16'),
(90, 2, 13, 13, 1, 7, 6, NULL, NULL, NULL, NULL, NULL, '2019-11-16 14:00:16'),
(91, 2, 13, 13, 1, 7, 7, NULL, NULL, NULL, NULL, NULL, '2019-11-16 14:00:16'),
(92, 2, 13, 13, 1, 8, 1, NULL, NULL, NULL, NULL, NULL, '2019-11-16 14:00:16'),
(93, 2, 13, 13, 1, 8, 2, NULL, NULL, NULL, NULL, NULL, '2019-11-16 14:00:16'),
(94, 2, 13, 13, 1, 8, 3, NULL, NULL, NULL, NULL, NULL, '2019-11-16 14:00:16'),
(95, 2, 13, 13, 1, 8, 4, NULL, NULL, NULL, NULL, NULL, '2019-11-16 14:00:16'),
(96, 2, 13, 13, 1, 8, 5, NULL, NULL, NULL, NULL, NULL, '2019-11-16 14:00:16'),
(97, 2, 13, 13, 1, 8, 6, NULL, NULL, NULL, NULL, NULL, '2019-11-16 14:00:16'),
(98, 2, 13, 13, 1, 8, 7, NULL, NULL, NULL, NULL, NULL, '2019-11-16 14:00:16'),
(99, 2, 13, 13, 1, 9, 1, NULL, NULL, NULL, NULL, NULL, '2019-11-16 14:00:16'),
(100, 2, 13, 13, 1, 9, 2, NULL, NULL, NULL, NULL, NULL, '2019-11-16 14:00:16'),
(101, 2, 13, 13, 1, 9, 3, NULL, NULL, NULL, NULL, NULL, '2019-11-16 14:00:16'),
(102, 2, 13, 13, 1, 9, 4, NULL, NULL, NULL, NULL, NULL, '2019-11-16 14:00:16'),
(103, 2, 13, 13, 1, 9, 5, NULL, NULL, NULL, NULL, NULL, '2019-11-16 14:00:16'),
(104, 2, 13, 13, 1, 9, 6, NULL, NULL, NULL, NULL, NULL, '2019-11-16 14:00:16'),
(105, 2, 13, 13, 1, 9, 7, NULL, NULL, NULL, NULL, NULL, '2019-11-16 14:00:16'),
(106, 2, 13, 13, 1, 10, 1, NULL, NULL, NULL, NULL, NULL, '2019-11-16 14:00:16'),
(107, 2, 13, 13, 1, 10, 2, NULL, NULL, NULL, NULL, NULL, '2019-11-16 14:00:16'),
(108, 2, 13, 13, 1, 10, 3, NULL, NULL, NULL, NULL, NULL, '2019-11-16 14:00:16'),
(109, 2, 13, 13, 1, 10, 4, NULL, NULL, NULL, NULL, NULL, '2019-11-16 14:00:16'),
(110, 2, 13, 13, 1, 10, 5, NULL, NULL, NULL, NULL, NULL, '2019-11-16 14:00:16'),
(111, 2, 13, 13, 1, 10, 6, NULL, NULL, NULL, NULL, NULL, '2019-11-16 14:00:16'),
(112, 2, 13, 13, 1, 10, 7, NULL, NULL, NULL, NULL, NULL, '2019-11-16 14:00:16'),
(113, 2, 13, 13, 1, 11, 1, NULL, NULL, NULL, NULL, NULL, '2019-11-16 14:00:16'),
(114, 2, 13, 13, 1, 11, 2, NULL, NULL, NULL, NULL, NULL, '2019-11-16 14:00:16'),
(115, 2, 13, 13, 1, 11, 3, NULL, NULL, NULL, NULL, NULL, '2019-11-16 14:00:16'),
(116, 2, 13, 13, 1, 11, 4, NULL, NULL, NULL, NULL, NULL, '2019-11-16 14:00:16'),
(117, 2, 13, 13, 1, 11, 5, NULL, NULL, NULL, NULL, NULL, '2019-11-16 14:00:16'),
(118, 2, 13, 13, 1, 11, 6, NULL, NULL, NULL, NULL, NULL, '2019-11-16 14:00:16'),
(119, 2, 13, 13, 1, 11, 7, NULL, NULL, NULL, NULL, NULL, '2019-11-16 14:00:16'),
(120, 2, 13, 13, 1, 12, 1, NULL, NULL, NULL, NULL, NULL, '2019-11-16 14:00:16'),
(121, 2, 13, 13, 1, 12, 2, NULL, NULL, NULL, NULL, NULL, '2019-11-16 14:00:17'),
(122, 2, 13, 13, 1, 12, 3, NULL, NULL, NULL, NULL, NULL, '2019-11-16 14:00:17'),
(123, 2, 13, 13, 1, 12, 4, NULL, NULL, NULL, NULL, NULL, '2019-11-16 14:00:17'),
(124, 2, 13, 13, 1, 12, 5, NULL, NULL, NULL, NULL, NULL, '2019-11-16 14:00:17'),
(125, 2, 13, 13, 1, 12, 6, NULL, NULL, NULL, NULL, NULL, '2019-11-16 14:00:17'),
(126, 2, 13, 13, 1, 12, 7, NULL, NULL, NULL, NULL, NULL, '2019-11-16 14:00:17'),
(127, 2, 13, 13, 2, 1, 1, NULL, NULL, NULL, NULL, NULL, '2019-11-16 14:00:17'),
(128, 2, 13, 13, 2, 1, 2, NULL, NULL, NULL, NULL, NULL, '2019-11-16 14:00:17'),
(129, 2, 13, 13, 2, 1, 3, NULL, NULL, NULL, NULL, NULL, '2019-11-16 14:00:17'),
(130, 2, 13, 13, 2, 1, 4, NULL, NULL, NULL, NULL, NULL, '2019-11-16 14:00:17'),
(131, 2, 13, 13, 2, 1, 5, NULL, NULL, NULL, NULL, NULL, '2019-11-16 14:00:17'),
(132, 2, 13, 13, 2, 1, 6, NULL, NULL, NULL, NULL, NULL, '2019-11-16 14:00:17'),
(133, 2, 13, 13, 2, 1, 7, NULL, NULL, NULL, NULL, NULL, '2019-11-16 14:00:17'),
(134, 2, 13, 13, 2, 2, 1, NULL, NULL, NULL, NULL, NULL, '2019-11-16 14:00:17'),
(135, 2, 13, 13, 2, 2, 2, NULL, NULL, NULL, NULL, NULL, '2019-11-16 14:00:17'),
(136, 2, 13, 13, 2, 2, 3, NULL, NULL, NULL, NULL, NULL, '2019-11-16 14:00:17'),
(137, 2, 13, 13, 2, 2, 4, NULL, NULL, NULL, NULL, NULL, '2019-11-16 14:00:17'),
(138, 2, 13, 13, 2, 2, 5, NULL, NULL, NULL, NULL, NULL, '2019-11-16 14:00:17'),
(139, 2, 13, 13, 2, 2, 6, NULL, NULL, NULL, NULL, NULL, '2019-11-16 14:00:17'),
(140, 2, 13, 13, 2, 2, 7, NULL, NULL, NULL, NULL, NULL, '2019-11-16 14:00:17'),
(141, 2, 13, 13, 2, 3, 1, NULL, NULL, NULL, NULL, NULL, '2019-11-16 14:00:17'),
(142, 2, 13, 13, 2, 3, 2, NULL, NULL, NULL, NULL, NULL, '2019-11-16 14:00:17'),
(143, 2, 13, 13, 2, 3, 3, NULL, NULL, NULL, NULL, NULL, '2019-11-16 14:00:17'),
(144, 2, 13, 13, 2, 3, 4, NULL, NULL, NULL, NULL, NULL, '2019-11-16 14:00:17'),
(145, 2, 13, 13, 2, 3, 5, NULL, NULL, NULL, NULL, NULL, '2019-11-16 14:00:17'),
(146, 2, 13, 13, 2, 3, 6, NULL, NULL, NULL, NULL, NULL, '2019-11-16 14:00:17'),
(147, 2, 13, 13, 2, 3, 7, NULL, NULL, NULL, NULL, NULL, '2019-11-16 14:00:17'),
(148, 2, 13, 13, 2, 4, 1, NULL, NULL, NULL, NULL, NULL, '2019-11-16 14:00:18'),
(149, 2, 13, 13, 2, 4, 2, NULL, NULL, NULL, NULL, NULL, '2019-11-16 14:00:18'),
(150, 2, 13, 13, 2, 4, 3, NULL, NULL, NULL, NULL, NULL, '2019-11-16 14:00:18'),
(151, 2, 13, 13, 2, 4, 4, NULL, NULL, NULL, NULL, NULL, '2019-11-16 14:00:18'),
(152, 2, 13, 13, 2, 4, 5, NULL, NULL, NULL, NULL, NULL, '2019-11-16 14:00:18'),
(153, 2, 13, 13, 2, 4, 6, NULL, NULL, NULL, NULL, NULL, '2019-11-16 14:00:18'),
(154, 2, 13, 13, 2, 4, 7, NULL, NULL, NULL, NULL, NULL, '2019-11-16 14:00:18'),
(155, 2, 13, 13, 2, 5, 1, NULL, NULL, NULL, NULL, NULL, '2019-11-16 14:00:18'),
(156, 2, 13, 13, 2, 5, 2, NULL, NULL, NULL, NULL, NULL, '2019-11-16 14:00:18'),
(157, 2, 13, 13, 2, 5, 3, NULL, NULL, NULL, NULL, NULL, '2019-11-16 14:00:18'),
(158, 2, 13, 13, 2, 5, 4, NULL, NULL, NULL, NULL, NULL, '2019-11-16 14:00:18'),
(159, 2, 13, 13, 2, 5, 5, NULL, NULL, NULL, NULL, NULL, '2019-11-16 14:00:18'),
(160, 2, 13, 13, 2, 5, 6, NULL, NULL, NULL, NULL, NULL, '2019-11-16 14:00:18'),
(161, 2, 13, 13, 2, 5, 7, NULL, NULL, NULL, NULL, NULL, '2019-11-16 14:00:18'),
(162, 2, 13, 13, 2, 6, 1, NULL, NULL, NULL, NULL, NULL, '2019-11-16 14:00:18'),
(163, 2, 13, 13, 2, 6, 2, NULL, NULL, NULL, NULL, NULL, '2019-11-16 14:00:18'),
(164, 2, 13, 13, 2, 6, 3, NULL, NULL, NULL, NULL, NULL, '2019-11-16 14:00:18'),
(165, 2, 13, 13, 2, 6, 4, NULL, NULL, NULL, NULL, NULL, '2019-11-16 14:00:18'),
(166, 2, 13, 13, 2, 6, 5, NULL, NULL, NULL, NULL, NULL, '2019-11-16 14:00:18'),
(167, 2, 13, 13, 2, 6, 6, NULL, NULL, NULL, NULL, NULL, '2019-11-16 14:00:18'),
(168, 2, 13, 13, 2, 6, 7, NULL, NULL, NULL, NULL, NULL, '2019-11-16 14:00:18');

-- --------------------------------------------------------

--
-- Struktur dari tabel `motorik`
--

CREATE TABLE `motorik` (
  `id` int(11) NOT NULL,
  `siswa_id` int(11) NOT NULL,
  `class_id` int(11) NOT NULL,
  `year_id` int(11) NOT NULL,
  `semester` int(11) NOT NULL,
  `bulan` int(11) NOT NULL,
  `kemampuan_id` int(11) NOT NULL,
  `mb` int(11) DEFAULT NULL,
  `bb` int(11) DEFAULT NULL,
  `bsh` int(11) DEFAULT NULL,
  `bsb` int(11) DEFAULT NULL,
  `user_id` int(11) DEFAULT NULL,
  `created_at` timestamp NOT NULL DEFAULT CURRENT_TIMESTAMP
) ENGINE=InnoDB DEFAULT CHARSET=latin1;

--
-- Dumping data untuk tabel `motorik`
--

INSERT INTO `motorik` (`id`, `siswa_id`, `class_id`, `year_id`, `semester`, `bulan`, `kemampuan_id`, `mb`, `bb`, `bsh`, `bsb`, `user_id`, `created_at`) VALUES
(1, 1, 13, 13, 1, 7, 1, NULL, NULL, NULL, NULL, NULL, '2019-11-16 13:58:49'),
(2, 1, 13, 13, 1, 7, 2, NULL, NULL, NULL, NULL, NULL, '2019-11-16 13:58:49'),
(3, 1, 13, 13, 1, 7, 3, NULL, NULL, NULL, NULL, NULL, '2019-11-16 13:58:49'),
(4, 1, 13, 13, 1, 7, 4, NULL, NULL, NULL, NULL, NULL, '2019-11-16 13:58:49'),
(5, 1, 13, 13, 1, 7, 5, NULL, NULL, NULL, NULL, NULL, '2019-11-16 13:58:49'),
(6, 1, 13, 13, 1, 8, 1, NULL, NULL, NULL, NULL, NULL, '2019-11-16 13:58:49'),
(7, 1, 13, 13, 1, 8, 2, NULL, NULL, NULL, NULL, NULL, '2019-11-16 13:58:49'),
(8, 1, 13, 13, 1, 8, 3, NULL, NULL, NULL, NULL, NULL, '2019-11-16 13:58:49'),
(9, 1, 13, 13, 1, 8, 4, NULL, NULL, NULL, NULL, NULL, '2019-11-16 13:58:49'),
(10, 1, 13, 13, 1, 8, 5, NULL, NULL, NULL, NULL, NULL, '2019-11-16 13:58:49'),
(11, 1, 13, 13, 1, 9, 1, NULL, NULL, NULL, NULL, NULL, '2019-11-16 13:58:50'),
(12, 1, 13, 13, 1, 9, 2, NULL, NULL, NULL, NULL, NULL, '2019-11-16 13:58:50'),
(13, 1, 13, 13, 1, 9, 3, NULL, NULL, NULL, NULL, NULL, '2019-11-16 13:58:50'),
(14, 1, 13, 13, 1, 9, 4, NULL, NULL, NULL, NULL, NULL, '2019-11-16 13:58:50'),
(15, 1, 13, 13, 1, 9, 5, NULL, NULL, NULL, NULL, NULL, '2019-11-16 13:58:50'),
(16, 1, 13, 13, 1, 10, 1, NULL, NULL, NULL, NULL, NULL, '2019-11-16 13:58:50'),
(17, 1, 13, 13, 1, 10, 2, NULL, NULL, NULL, NULL, NULL, '2019-11-16 13:58:50'),
(18, 1, 13, 13, 1, 10, 3, NULL, NULL, NULL, NULL, NULL, '2019-11-16 13:58:50'),
(19, 1, 13, 13, 1, 10, 4, NULL, NULL, NULL, NULL, NULL, '2019-11-16 13:58:50'),
(20, 1, 13, 13, 1, 10, 5, NULL, NULL, NULL, NULL, NULL, '2019-11-16 13:58:50'),
(21, 1, 13, 13, 1, 11, 1, NULL, NULL, NULL, NULL, NULL, '2019-11-16 13:58:50'),
(22, 1, 13, 13, 1, 11, 2, NULL, NULL, NULL, NULL, NULL, '2019-11-16 13:58:50'),
(23, 1, 13, 13, 1, 11, 3, NULL, NULL, NULL, NULL, NULL, '2019-11-16 13:58:50'),
(24, 1, 13, 13, 1, 11, 4, NULL, NULL, NULL, NULL, NULL, '2019-11-16 13:58:50'),
(25, 1, 13, 13, 1, 11, 5, NULL, NULL, NULL, NULL, NULL, '2019-11-16 13:58:50'),
(26, 1, 13, 13, 1, 12, 1, NULL, NULL, NULL, NULL, NULL, '2019-11-16 13:58:50'),
(27, 1, 13, 13, 1, 12, 2, NULL, NULL, NULL, NULL, NULL, '2019-11-16 13:58:50'),
(28, 1, 13, 13, 1, 12, 3, NULL, NULL, NULL, NULL, NULL, '2019-11-16 13:58:50'),
(29, 1, 13, 13, 1, 12, 4, NULL, NULL, NULL, NULL, NULL, '2019-11-16 13:58:50'),
(30, 1, 13, 13, 1, 12, 5, NULL, NULL, NULL, NULL, NULL, '2019-11-16 13:58:50'),
(31, 1, 13, 13, 2, 1, 1, NULL, NULL, NULL, NULL, NULL, '2019-11-16 13:58:50'),
(32, 1, 13, 13, 2, 1, 2, NULL, NULL, NULL, NULL, NULL, '2019-11-16 13:58:50'),
(33, 1, 13, 13, 2, 1, 3, NULL, NULL, NULL, NULL, NULL, '2019-11-16 13:58:50'),
(34, 1, 13, 13, 2, 1, 4, NULL, NULL, NULL, NULL, NULL, '2019-11-16 13:58:50'),
(35, 1, 13, 13, 2, 1, 5, NULL, NULL, NULL, NULL, NULL, '2019-11-16 13:58:50'),
(36, 1, 13, 13, 2, 2, 1, NULL, NULL, NULL, NULL, NULL, '2019-11-16 13:58:50'),
(37, 1, 13, 13, 2, 2, 2, NULL, NULL, NULL, NULL, NULL, '2019-11-16 13:58:50'),
(38, 1, 13, 13, 2, 2, 3, NULL, NULL, NULL, NULL, NULL, '2019-11-16 13:58:50'),
(39, 1, 13, 13, 2, 2, 4, NULL, NULL, NULL, NULL, NULL, '2019-11-16 13:58:50'),
(40, 1, 13, 13, 2, 2, 5, NULL, NULL, NULL, NULL, NULL, '2019-11-16 13:58:50'),
(41, 1, 13, 13, 2, 3, 1, NULL, NULL, NULL, NULL, NULL, '2019-11-16 13:58:50'),
(42, 1, 13, 13, 2, 3, 2, NULL, NULL, NULL, NULL, NULL, '2019-11-16 13:58:50'),
(43, 1, 13, 13, 2, 3, 3, NULL, NULL, NULL, NULL, NULL, '2019-11-16 13:58:50'),
(44, 1, 13, 13, 2, 3, 4, NULL, NULL, NULL, NULL, NULL, '2019-11-16 13:58:50'),
(45, 1, 13, 13, 2, 3, 5, NULL, NULL, NULL, NULL, NULL, '2019-11-16 13:58:50'),
(46, 1, 13, 13, 2, 4, 1, NULL, NULL, NULL, NULL, NULL, '2019-11-16 13:58:50'),
(47, 1, 13, 13, 2, 4, 2, NULL, NULL, NULL, NULL, NULL, '2019-11-16 13:58:50'),
(48, 1, 13, 13, 2, 4, 3, NULL, NULL, NULL, NULL, NULL, '2019-11-16 13:58:50'),
(49, 1, 13, 13, 2, 4, 4, NULL, NULL, NULL, NULL, NULL, '2019-11-16 13:58:50'),
(50, 1, 13, 13, 2, 4, 5, NULL, NULL, NULL, NULL, NULL, '2019-11-16 13:58:50'),
(51, 1, 13, 13, 2, 5, 1, NULL, NULL, NULL, NULL, NULL, '2019-11-16 13:58:50'),
(52, 1, 13, 13, 2, 5, 2, NULL, NULL, NULL, NULL, NULL, '2019-11-16 13:58:50'),
(53, 1, 13, 13, 2, 5, 3, NULL, NULL, NULL, NULL, NULL, '2019-11-16 13:58:50'),
(54, 1, 13, 13, 2, 5, 4, NULL, NULL, NULL, NULL, NULL, '2019-11-16 13:58:50'),
(55, 1, 13, 13, 2, 5, 5, NULL, NULL, NULL, NULL, NULL, '2019-11-16 13:58:50'),
(56, 1, 13, 13, 2, 6, 1, NULL, NULL, NULL, NULL, NULL, '2019-11-16 13:58:50'),
(57, 1, 13, 13, 2, 6, 2, NULL, NULL, NULL, NULL, NULL, '2019-11-16 13:58:50'),
(58, 1, 13, 13, 2, 6, 3, NULL, NULL, NULL, NULL, NULL, '2019-11-16 13:58:50'),
(59, 1, 13, 13, 2, 6, 4, NULL, NULL, NULL, NULL, NULL, '2019-11-16 13:58:50'),
(60, 1, 13, 13, 2, 6, 5, NULL, NULL, NULL, NULL, NULL, '2019-11-16 13:58:50'),
(61, 2, 13, 13, 1, 7, 1, NULL, NULL, NULL, NULL, NULL, '2019-11-16 14:00:16'),
(62, 2, 13, 13, 1, 7, 2, NULL, NULL, NULL, NULL, NULL, '2019-11-16 14:00:16'),
(63, 2, 13, 13, 1, 7, 3, NULL, NULL, NULL, NULL, NULL, '2019-11-16 14:00:16'),
(64, 2, 13, 13, 1, 7, 4, NULL, NULL, NULL, NULL, NULL, '2019-11-16 14:00:16'),
(65, 2, 13, 13, 1, 7, 5, NULL, NULL, NULL, NULL, NULL, '2019-11-16 14:00:16'),
(66, 2, 13, 13, 1, 8, 1, NULL, NULL, NULL, NULL, NULL, '2019-11-16 14:00:16'),
(67, 2, 13, 13, 1, 8, 2, NULL, NULL, NULL, NULL, NULL, '2019-11-16 14:00:16'),
(68, 2, 13, 13, 1, 8, 3, NULL, NULL, NULL, NULL, NULL, '2019-11-16 14:00:16'),
(69, 2, 13, 13, 1, 8, 4, NULL, NULL, NULL, NULL, NULL, '2019-11-16 14:00:16'),
(70, 2, 13, 13, 1, 8, 5, NULL, NULL, NULL, NULL, NULL, '2019-11-16 14:00:16'),
(71, 2, 13, 13, 1, 9, 1, NULL, NULL, NULL, NULL, NULL, '2019-11-16 14:00:16'),
(72, 2, 13, 13, 1, 9, 2, NULL, NULL, NULL, NULL, NULL, '2019-11-16 14:00:16'),
(73, 2, 13, 13, 1, 9, 3, NULL, NULL, NULL, NULL, NULL, '2019-11-16 14:00:16'),
(74, 2, 13, 13, 1, 9, 4, NULL, NULL, NULL, NULL, NULL, '2019-11-16 14:00:16'),
(75, 2, 13, 13, 1, 9, 5, NULL, NULL, NULL, NULL, NULL, '2019-11-16 14:00:16'),
(76, 2, 13, 13, 1, 10, 1, NULL, NULL, NULL, NULL, NULL, '2019-11-16 14:00:16'),
(77, 2, 13, 13, 1, 10, 2, NULL, NULL, NULL, NULL, NULL, '2019-11-16 14:00:16'),
(78, 2, 13, 13, 1, 10, 3, NULL, NULL, NULL, NULL, NULL, '2019-11-16 14:00:16'),
(79, 2, 13, 13, 1, 10, 4, NULL, NULL, NULL, NULL, NULL, '2019-11-16 14:00:16'),
(80, 2, 13, 13, 1, 10, 5, NULL, NULL, NULL, NULL, NULL, '2019-11-16 14:00:16'),
(81, 2, 13, 13, 1, 11, 1, NULL, NULL, NULL, NULL, NULL, '2019-11-16 14:00:16'),
(82, 2, 13, 13, 1, 11, 2, NULL, NULL, NULL, NULL, NULL, '2019-11-16 14:00:16'),
(83, 2, 13, 13, 1, 11, 3, NULL, NULL, NULL, NULL, NULL, '2019-11-16 14:00:16'),
(84, 2, 13, 13, 1, 11, 4, NULL, NULL, NULL, NULL, NULL, '2019-11-16 14:00:16'),
(85, 2, 13, 13, 1, 11, 5, NULL, NULL, NULL, NULL, NULL, '2019-11-16 14:00:16'),
(86, 2, 13, 13, 1, 12, 1, NULL, NULL, NULL, NULL, NULL, '2019-11-16 14:00:17'),
(87, 2, 13, 13, 1, 12, 2, NULL, NULL, NULL, NULL, NULL, '2019-11-16 14:00:17'),
(88, 2, 13, 13, 1, 12, 3, NULL, NULL, NULL, NULL, NULL, '2019-11-16 14:00:17'),
(89, 2, 13, 13, 1, 12, 4, NULL, NULL, NULL, NULL, NULL, '2019-11-16 14:00:17'),
(90, 2, 13, 13, 1, 12, 5, NULL, NULL, NULL, NULL, NULL, '2019-11-16 14:00:17'),
(91, 2, 13, 13, 2, 1, 1, NULL, NULL, NULL, NULL, NULL, '2019-11-16 14:00:17'),
(92, 2, 13, 13, 2, 1, 2, NULL, NULL, NULL, NULL, NULL, '2019-11-16 14:00:17'),
(93, 2, 13, 13, 2, 1, 3, NULL, NULL, NULL, NULL, NULL, '2019-11-16 14:00:17'),
(94, 2, 13, 13, 2, 1, 4, NULL, NULL, NULL, NULL, NULL, '2019-11-16 14:00:17'),
(95, 2, 13, 13, 2, 1, 5, NULL, NULL, NULL, NULL, NULL, '2019-11-16 14:00:17'),
(96, 2, 13, 13, 2, 2, 1, NULL, NULL, NULL, NULL, NULL, '2019-11-16 14:00:17'),
(97, 2, 13, 13, 2, 2, 2, NULL, NULL, NULL, NULL, NULL, '2019-11-16 14:00:17'),
(98, 2, 13, 13, 2, 2, 3, NULL, NULL, NULL, NULL, NULL, '2019-11-16 14:00:17'),
(99, 2, 13, 13, 2, 2, 4, NULL, NULL, NULL, NULL, NULL, '2019-11-16 14:00:17'),
(100, 2, 13, 13, 2, 2, 5, NULL, NULL, NULL, NULL, NULL, '2019-11-16 14:00:17'),
(101, 2, 13, 13, 2, 3, 1, NULL, NULL, NULL, NULL, NULL, '2019-11-16 14:00:17'),
(102, 2, 13, 13, 2, 3, 2, NULL, NULL, NULL, NULL, NULL, '2019-11-16 14:00:17'),
(103, 2, 13, 13, 2, 3, 3, NULL, NULL, NULL, NULL, NULL, '2019-11-16 14:00:17'),
(104, 2, 13, 13, 2, 3, 4, NULL, NULL, NULL, NULL, NULL, '2019-11-16 14:00:17'),
(105, 2, 13, 13, 2, 3, 5, NULL, NULL, NULL, NULL, NULL, '2019-11-16 14:00:17'),
(106, 2, 13, 13, 2, 4, 1, NULL, NULL, NULL, NULL, NULL, '2019-11-16 14:00:18'),
(107, 2, 13, 13, 2, 4, 2, NULL, NULL, NULL, NULL, NULL, '2019-11-16 14:00:18'),
(108, 2, 13, 13, 2, 4, 3, NULL, NULL, NULL, NULL, NULL, '2019-11-16 14:00:18'),
(109, 2, 13, 13, 2, 4, 4, NULL, NULL, NULL, NULL, NULL, '2019-11-16 14:00:18'),
(110, 2, 13, 13, 2, 4, 5, NULL, NULL, NULL, NULL, NULL, '2019-11-16 14:00:18'),
(111, 2, 13, 13, 2, 5, 1, NULL, NULL, NULL, NULL, NULL, '2019-11-16 14:00:18'),
(112, 2, 13, 13, 2, 5, 2, NULL, NULL, NULL, NULL, NULL, '2019-11-16 14:00:18'),
(113, 2, 13, 13, 2, 5, 3, NULL, NULL, NULL, NULL, NULL, '2019-11-16 14:00:18'),
(114, 2, 13, 13, 2, 5, 4, NULL, NULL, NULL, NULL, NULL, '2019-11-16 14:00:18'),
(115, 2, 13, 13, 2, 5, 5, NULL, NULL, NULL, NULL, NULL, '2019-11-16 14:00:18'),
(116, 2, 13, 13, 2, 6, 1, NULL, NULL, NULL, NULL, NULL, '2019-11-16 14:00:18'),
(117, 2, 13, 13, 2, 6, 2, NULL, NULL, NULL, NULL, NULL, '2019-11-16 14:00:18'),
(118, 2, 13, 13, 2, 6, 3, NULL, NULL, NULL, NULL, NULL, '2019-11-16 14:00:18'),
(119, 2, 13, 13, 2, 6, 4, NULL, NULL, NULL, NULL, NULL, '2019-11-16 14:00:18'),
(120, 2, 13, 13, 2, 6, 5, NULL, NULL, NULL, NULL, NULL, '2019-11-16 14:00:18');

-- --------------------------------------------------------

--
-- Struktur dari tabel `seni`
--

CREATE TABLE `seni` (
  `id` int(11) NOT NULL,
  `siswa_id` int(11) NOT NULL,
  `class_id` int(11) NOT NULL,
  `year_id` int(11) NOT NULL,
  `semester` int(11) NOT NULL,
  `bulan` int(11) NOT NULL,
  `kemampuan_id` int(11) NOT NULL,
  `mb` int(11) DEFAULT NULL,
  `bb` int(11) DEFAULT NULL,
  `bsh` int(11) DEFAULT NULL,
  `bsb` int(11) DEFAULT NULL,
  `user_id` int(11) DEFAULT NULL,
  `created_at` timestamp NOT NULL DEFAULT CURRENT_TIMESTAMP
) ENGINE=InnoDB DEFAULT CHARSET=latin1;

--
-- Dumping data untuk tabel `seni`
--

INSERT INTO `seni` (`id`, `siswa_id`, `class_id`, `year_id`, `semester`, `bulan`, `kemampuan_id`, `mb`, `bb`, `bsh`, `bsb`, `user_id`, `created_at`) VALUES
(1, 1, 13, 13, 1, 7, 1, NULL, NULL, NULL, NULL, NULL, '2019-11-16 13:58:49'),
(2, 1, 13, 13, 1, 7, 2, NULL, NULL, NULL, NULL, NULL, '2019-11-16 13:58:49'),
(3, 1, 13, 13, 1, 7, 3, NULL, NULL, NULL, NULL, NULL, '2019-11-16 13:58:49'),
(4, 1, 13, 13, 1, 7, 4, NULL, NULL, NULL, NULL, NULL, '2019-11-16 13:58:49'),
(5, 1, 13, 13, 1, 7, 5, NULL, NULL, NULL, NULL, NULL, '2019-11-16 13:58:49'),
(6, 1, 13, 13, 1, 7, 6, NULL, NULL, NULL, NULL, NULL, '2019-11-16 13:58:49'),
(7, 1, 13, 13, 1, 7, 7, NULL, NULL, NULL, NULL, NULL, '2019-11-16 13:58:49'),
(8, 1, 13, 13, 1, 7, 8, NULL, NULL, NULL, NULL, NULL, '2019-11-16 13:58:49'),
(9, 1, 13, 13, 1, 8, 1, NULL, NULL, NULL, NULL, NULL, '2019-11-16 13:58:49'),
(10, 1, 13, 13, 1, 8, 2, NULL, NULL, NULL, NULL, NULL, '2019-11-16 13:58:49'),
(11, 1, 13, 13, 1, 8, 3, NULL, NULL, NULL, NULL, NULL, '2019-11-16 13:58:49'),
(12, 1, 13, 13, 1, 8, 4, NULL, NULL, NULL, NULL, NULL, '2019-11-16 13:58:49'),
(13, 1, 13, 13, 1, 8, 5, NULL, NULL, NULL, NULL, NULL, '2019-11-16 13:58:49'),
(14, 1, 13, 13, 1, 8, 6, NULL, NULL, NULL, NULL, NULL, '2019-11-16 13:58:49'),
(15, 1, 13, 13, 1, 8, 7, NULL, NULL, NULL, NULL, NULL, '2019-11-16 13:58:49'),
(16, 1, 13, 13, 1, 8, 8, NULL, NULL, NULL, NULL, NULL, '2019-11-16 13:58:49'),
(17, 1, 13, 13, 1, 9, 1, NULL, NULL, NULL, NULL, NULL, '2019-11-16 13:58:50'),
(18, 1, 13, 13, 1, 9, 2, NULL, NULL, NULL, NULL, NULL, '2019-11-16 13:58:50'),
(19, 1, 13, 13, 1, 9, 3, NULL, NULL, NULL, NULL, NULL, '2019-11-16 13:58:50'),
(20, 1, 13, 13, 1, 9, 4, NULL, NULL, NULL, NULL, NULL, '2019-11-16 13:58:50'),
(21, 1, 13, 13, 1, 9, 5, NULL, NULL, NULL, NULL, NULL, '2019-11-16 13:58:50'),
(22, 1, 13, 13, 1, 9, 6, NULL, NULL, NULL, NULL, NULL, '2019-11-16 13:58:50'),
(23, 1, 13, 13, 1, 9, 7, NULL, NULL, NULL, NULL, NULL, '2019-11-16 13:58:50'),
(24, 1, 13, 13, 1, 9, 8, NULL, NULL, NULL, NULL, NULL, '2019-11-16 13:58:50'),
(25, 1, 13, 13, 1, 10, 1, NULL, NULL, NULL, NULL, NULL, '2019-11-16 13:58:50'),
(26, 1, 13, 13, 1, 10, 2, NULL, NULL, NULL, NULL, NULL, '2019-11-16 13:58:50'),
(27, 1, 13, 13, 1, 10, 3, NULL, NULL, NULL, NULL, NULL, '2019-11-16 13:58:50'),
(28, 1, 13, 13, 1, 10, 4, NULL, NULL, NULL, NULL, NULL, '2019-11-16 13:58:50'),
(29, 1, 13, 13, 1, 10, 5, NULL, NULL, NULL, NULL, NULL, '2019-11-16 13:58:50'),
(30, 1, 13, 13, 1, 10, 6, NULL, NULL, NULL, NULL, NULL, '2019-11-16 13:58:50'),
(31, 1, 13, 13, 1, 10, 7, NULL, NULL, NULL, NULL, NULL, '2019-11-16 13:58:50'),
(32, 1, 13, 13, 1, 10, 8, NULL, NULL, NULL, NULL, NULL, '2019-11-16 13:58:50'),
(33, 1, 13, 13, 1, 11, 1, NULL, NULL, NULL, NULL, NULL, '2019-11-16 13:58:50'),
(34, 1, 13, 13, 1, 11, 2, NULL, NULL, NULL, NULL, NULL, '2019-11-16 13:58:50'),
(35, 1, 13, 13, 1, 11, 3, NULL, NULL, NULL, NULL, NULL, '2019-11-16 13:58:50'),
(36, 1, 13, 13, 1, 11, 4, NULL, NULL, NULL, NULL, NULL, '2019-11-16 13:58:50'),
(37, 1, 13, 13, 1, 11, 5, NULL, NULL, NULL, NULL, NULL, '2019-11-16 13:58:50'),
(38, 1, 13, 13, 1, 11, 6, NULL, NULL, NULL, NULL, NULL, '2019-11-16 13:58:50'),
(39, 1, 13, 13, 1, 11, 7, NULL, NULL, NULL, NULL, NULL, '2019-11-16 13:58:50'),
(40, 1, 13, 13, 1, 11, 8, NULL, NULL, NULL, NULL, NULL, '2019-11-16 13:58:50'),
(41, 1, 13, 13, 1, 12, 1, NULL, NULL, NULL, NULL, NULL, '2019-11-16 13:58:50'),
(42, 1, 13, 13, 1, 12, 2, NULL, NULL, NULL, NULL, NULL, '2019-11-16 13:58:50'),
(43, 1, 13, 13, 1, 12, 3, NULL, NULL, NULL, NULL, NULL, '2019-11-16 13:58:50'),
(44, 1, 13, 13, 1, 12, 4, NULL, NULL, NULL, NULL, NULL, '2019-11-16 13:58:50'),
(45, 1, 13, 13, 1, 12, 5, NULL, NULL, NULL, NULL, NULL, '2019-11-16 13:58:50'),
(46, 1, 13, 13, 1, 12, 6, NULL, NULL, NULL, NULL, NULL, '2019-11-16 13:58:50'),
(47, 1, 13, 13, 1, 12, 7, NULL, NULL, NULL, NULL, NULL, '2019-11-16 13:58:50'),
(48, 1, 13, 13, 1, 12, 8, NULL, NULL, NULL, NULL, NULL, '2019-11-16 13:58:50'),
(49, 1, 13, 13, 2, 1, 1, NULL, NULL, NULL, NULL, NULL, '2019-11-16 13:58:50'),
(50, 1, 13, 13, 2, 1, 2, NULL, NULL, NULL, NULL, NULL, '2019-11-16 13:58:50'),
(51, 1, 13, 13, 2, 1, 3, NULL, NULL, NULL, NULL, NULL, '2019-11-16 13:58:50'),
(52, 1, 13, 13, 2, 1, 4, NULL, NULL, NULL, NULL, NULL, '2019-11-16 13:58:50'),
(53, 1, 13, 13, 2, 1, 5, NULL, NULL, NULL, NULL, NULL, '2019-11-16 13:58:50'),
(54, 1, 13, 13, 2, 1, 6, NULL, NULL, NULL, NULL, NULL, '2019-11-16 13:58:50'),
(55, 1, 13, 13, 2, 1, 7, NULL, NULL, NULL, NULL, NULL, '2019-11-16 13:58:50'),
(56, 1, 13, 13, 2, 1, 8, NULL, NULL, NULL, NULL, NULL, '2019-11-16 13:58:50'),
(57, 1, 13, 13, 2, 2, 1, NULL, NULL, NULL, NULL, NULL, '2019-11-16 13:58:50'),
(58, 1, 13, 13, 2, 2, 2, NULL, NULL, NULL, NULL, NULL, '2019-11-16 13:58:50'),
(59, 1, 13, 13, 2, 2, 3, NULL, NULL, NULL, NULL, NULL, '2019-11-16 13:58:50'),
(60, 1, 13, 13, 2, 2, 4, NULL, NULL, NULL, NULL, NULL, '2019-11-16 13:58:50'),
(61, 1, 13, 13, 2, 2, 5, NULL, NULL, NULL, NULL, NULL, '2019-11-16 13:58:50'),
(62, 1, 13, 13, 2, 2, 6, NULL, NULL, NULL, NULL, NULL, '2019-11-16 13:58:50'),
(63, 1, 13, 13, 2, 2, 7, NULL, NULL, NULL, NULL, NULL, '2019-11-16 13:58:50'),
(64, 1, 13, 13, 2, 2, 8, NULL, NULL, NULL, NULL, NULL, '2019-11-16 13:58:50'),
(65, 1, 13, 13, 2, 3, 1, NULL, NULL, NULL, NULL, NULL, '2019-11-16 13:58:50'),
(66, 1, 13, 13, 2, 3, 2, NULL, NULL, NULL, NULL, NULL, '2019-11-16 13:58:50'),
(67, 1, 13, 13, 2, 3, 3, NULL, NULL, NULL, NULL, NULL, '2019-11-16 13:58:50'),
(68, 1, 13, 13, 2, 3, 4, NULL, NULL, NULL, NULL, NULL, '2019-11-16 13:58:50'),
(69, 1, 13, 13, 2, 3, 5, NULL, NULL, NULL, NULL, NULL, '2019-11-16 13:58:50'),
(70, 1, 13, 13, 2, 3, 6, NULL, NULL, NULL, NULL, NULL, '2019-11-16 13:58:50'),
(71, 1, 13, 13, 2, 3, 7, NULL, NULL, NULL, NULL, NULL, '2019-11-16 13:58:50'),
(72, 1, 13, 13, 2, 3, 8, NULL, NULL, NULL, NULL, NULL, '2019-11-16 13:58:50'),
(73, 1, 13, 13, 2, 4, 1, NULL, NULL, NULL, NULL, NULL, '2019-11-16 13:58:50'),
(74, 1, 13, 13, 2, 4, 2, NULL, NULL, NULL, NULL, NULL, '2019-11-16 13:58:50'),
(75, 1, 13, 13, 2, 4, 3, NULL, NULL, NULL, NULL, NULL, '2019-11-16 13:58:50'),
(76, 1, 13, 13, 2, 4, 4, NULL, NULL, NULL, NULL, NULL, '2019-11-16 13:58:50'),
(77, 1, 13, 13, 2, 4, 5, NULL, NULL, NULL, NULL, NULL, '2019-11-16 13:58:50'),
(78, 1, 13, 13, 2, 4, 6, NULL, NULL, NULL, NULL, NULL, '2019-11-16 13:58:50'),
(79, 1, 13, 13, 2, 4, 7, NULL, NULL, NULL, NULL, NULL, '2019-11-16 13:58:50'),
(80, 1, 13, 13, 2, 4, 8, NULL, NULL, NULL, NULL, NULL, '2019-11-16 13:58:50'),
(81, 1, 13, 13, 2, 5, 1, NULL, NULL, NULL, NULL, NULL, '2019-11-16 13:58:50'),
(82, 1, 13, 13, 2, 5, 2, NULL, NULL, NULL, NULL, NULL, '2019-11-16 13:58:50'),
(83, 1, 13, 13, 2, 5, 3, NULL, NULL, NULL, NULL, NULL, '2019-11-16 13:58:50'),
(84, 1, 13, 13, 2, 5, 4, NULL, NULL, NULL, NULL, NULL, '2019-11-16 13:58:50'),
(85, 1, 13, 13, 2, 5, 5, NULL, NULL, NULL, NULL, NULL, '2019-11-16 13:58:50'),
(86, 1, 13, 13, 2, 5, 6, NULL, NULL, NULL, NULL, NULL, '2019-11-16 13:58:50'),
(87, 1, 13, 13, 2, 5, 7, NULL, NULL, NULL, NULL, NULL, '2019-11-16 13:58:50'),
(88, 1, 13, 13, 2, 5, 8, NULL, NULL, NULL, NULL, NULL, '2019-11-16 13:58:50'),
(89, 1, 13, 13, 2, 6, 1, NULL, NULL, NULL, NULL, NULL, '2019-11-16 13:58:50'),
(90, 1, 13, 13, 2, 6, 2, NULL, NULL, NULL, NULL, NULL, '2019-11-16 13:58:50'),
(91, 1, 13, 13, 2, 6, 3, NULL, NULL, NULL, NULL, NULL, '2019-11-16 13:58:51'),
(92, 1, 13, 13, 2, 6, 4, NULL, NULL, NULL, NULL, NULL, '2019-11-16 13:58:51'),
(93, 1, 13, 13, 2, 6, 5, NULL, NULL, NULL, NULL, NULL, '2019-11-16 13:58:51'),
(94, 1, 13, 13, 2, 6, 6, NULL, NULL, NULL, NULL, NULL, '2019-11-16 13:58:51'),
(95, 1, 13, 13, 2, 6, 7, NULL, NULL, NULL, NULL, NULL, '2019-11-16 13:58:51'),
(96, 1, 13, 13, 2, 6, 8, NULL, NULL, NULL, NULL, NULL, '2019-11-16 13:58:51'),
(97, 2, 13, 13, 1, 7, 1, NULL, NULL, NULL, NULL, NULL, '2019-11-16 14:00:16'),
(98, 2, 13, 13, 1, 7, 2, NULL, NULL, NULL, NULL, NULL, '2019-11-16 14:00:16'),
(99, 2, 13, 13, 1, 7, 3, NULL, NULL, NULL, NULL, NULL, '2019-11-16 14:00:16'),
(100, 2, 13, 13, 1, 7, 4, NULL, NULL, NULL, NULL, NULL, '2019-11-16 14:00:16'),
(101, 2, 13, 13, 1, 7, 5, NULL, NULL, NULL, NULL, NULL, '2019-11-16 14:00:16'),
(102, 2, 13, 13, 1, 7, 6, NULL, NULL, NULL, NULL, NULL, '2019-11-16 14:00:16'),
(103, 2, 13, 13, 1, 7, 7, NULL, NULL, NULL, NULL, NULL, '2019-11-16 14:00:16'),
(104, 2, 13, 13, 1, 7, 8, NULL, NULL, NULL, NULL, NULL, '2019-11-16 14:00:16'),
(105, 2, 13, 13, 1, 8, 1, NULL, NULL, NULL, NULL, NULL, '2019-11-16 14:00:16'),
(106, 2, 13, 13, 1, 8, 2, NULL, NULL, NULL, NULL, NULL, '2019-11-16 14:00:16'),
(107, 2, 13, 13, 1, 8, 3, NULL, NULL, NULL, NULL, NULL, '2019-11-16 14:00:16'),
(108, 2, 13, 13, 1, 8, 4, NULL, NULL, NULL, NULL, NULL, '2019-11-16 14:00:16'),
(109, 2, 13, 13, 1, 8, 5, NULL, NULL, NULL, NULL, NULL, '2019-11-16 14:00:16'),
(110, 2, 13, 13, 1, 8, 6, NULL, NULL, NULL, NULL, NULL, '2019-11-16 14:00:16'),
(111, 2, 13, 13, 1, 8, 7, NULL, NULL, NULL, NULL, NULL, '2019-11-16 14:00:16'),
(112, 2, 13, 13, 1, 8, 8, NULL, NULL, NULL, NULL, NULL, '2019-11-16 14:00:16'),
(113, 2, 13, 13, 1, 9, 1, NULL, NULL, NULL, NULL, NULL, '2019-11-16 14:00:16'),
(114, 2, 13, 13, 1, 9, 2, NULL, NULL, NULL, NULL, NULL, '2019-11-16 14:00:16'),
(115, 2, 13, 13, 1, 9, 3, NULL, NULL, NULL, NULL, NULL, '2019-11-16 14:00:16'),
(116, 2, 13, 13, 1, 9, 4, NULL, NULL, NULL, NULL, NULL, '2019-11-16 14:00:16'),
(117, 2, 13, 13, 1, 9, 5, NULL, NULL, NULL, NULL, NULL, '2019-11-16 14:00:16'),
(118, 2, 13, 13, 1, 9, 6, NULL, NULL, NULL, NULL, NULL, '2019-11-16 14:00:16'),
(119, 2, 13, 13, 1, 9, 7, NULL, NULL, NULL, NULL, NULL, '2019-11-16 14:00:16'),
(120, 2, 13, 13, 1, 9, 8, NULL, NULL, NULL, NULL, NULL, '2019-11-16 14:00:16'),
(121, 2, 13, 13, 1, 10, 1, NULL, NULL, NULL, NULL, NULL, '2019-11-16 14:00:16'),
(122, 2, 13, 13, 1, 10, 2, NULL, NULL, NULL, NULL, NULL, '2019-11-16 14:00:16'),
(123, 2, 13, 13, 1, 10, 3, NULL, NULL, NULL, NULL, NULL, '2019-11-16 14:00:16'),
(124, 2, 13, 13, 1, 10, 4, NULL, NULL, NULL, NULL, NULL, '2019-11-16 14:00:16'),
(125, 2, 13, 13, 1, 10, 5, NULL, NULL, NULL, NULL, NULL, '2019-11-16 14:00:16'),
(126, 2, 13, 13, 1, 10, 6, NULL, NULL, NULL, NULL, NULL, '2019-11-16 14:00:16'),
(127, 2, 13, 13, 1, 10, 7, NULL, NULL, NULL, NULL, NULL, '2019-11-16 14:00:16'),
(128, 2, 13, 13, 1, 10, 8, NULL, NULL, NULL, NULL, NULL, '2019-11-16 14:00:16'),
(129, 2, 13, 13, 1, 11, 1, NULL, NULL, NULL, NULL, NULL, '2019-11-16 14:00:16'),
(130, 2, 13, 13, 1, 11, 2, NULL, NULL, NULL, NULL, NULL, '2019-11-16 14:00:16'),
(131, 2, 13, 13, 1, 11, 3, NULL, NULL, NULL, NULL, NULL, '2019-11-16 14:00:16'),
(132, 2, 13, 13, 1, 11, 4, NULL, NULL, NULL, NULL, NULL, '2019-11-16 14:00:16'),
(133, 2, 13, 13, 1, 11, 5, NULL, NULL, NULL, NULL, NULL, '2019-11-16 14:00:16'),
(134, 2, 13, 13, 1, 11, 6, NULL, NULL, NULL, NULL, NULL, '2019-11-16 14:00:16'),
(135, 2, 13, 13, 1, 11, 7, NULL, NULL, NULL, NULL, NULL, '2019-11-16 14:00:16'),
(136, 2, 13, 13, 1, 11, 8, NULL, NULL, NULL, NULL, NULL, '2019-11-16 14:00:16'),
(137, 2, 13, 13, 1, 12, 1, NULL, NULL, NULL, NULL, NULL, '2019-11-16 14:00:17'),
(138, 2, 13, 13, 1, 12, 2, NULL, NULL, NULL, NULL, NULL, '2019-11-16 14:00:17'),
(139, 2, 13, 13, 1, 12, 3, NULL, NULL, NULL, NULL, NULL, '2019-11-16 14:00:17'),
(140, 2, 13, 13, 1, 12, 4, NULL, NULL, NULL, NULL, NULL, '2019-11-16 14:00:17'),
(141, 2, 13, 13, 1, 12, 5, NULL, NULL, NULL, NULL, NULL, '2019-11-16 14:00:17'),
(142, 2, 13, 13, 1, 12, 6, NULL, NULL, NULL, NULL, NULL, '2019-11-16 14:00:17'),
(143, 2, 13, 13, 1, 12, 7, NULL, NULL, NULL, NULL, NULL, '2019-11-16 14:00:17'),
(144, 2, 13, 13, 1, 12, 8, NULL, NULL, NULL, NULL, NULL, '2019-11-16 14:00:17'),
(145, 2, 13, 13, 2, 1, 1, NULL, NULL, NULL, NULL, NULL, '2019-11-16 14:00:17'),
(146, 2, 13, 13, 2, 1, 2, NULL, NULL, NULL, NULL, NULL, '2019-11-16 14:00:17'),
(147, 2, 13, 13, 2, 1, 3, NULL, NULL, NULL, NULL, NULL, '2019-11-16 14:00:17'),
(148, 2, 13, 13, 2, 1, 4, NULL, NULL, NULL, NULL, NULL, '2019-11-16 14:00:17'),
(149, 2, 13, 13, 2, 1, 5, NULL, NULL, NULL, NULL, NULL, '2019-11-16 14:00:17'),
(150, 2, 13, 13, 2, 1, 6, NULL, NULL, NULL, NULL, NULL, '2019-11-16 14:00:17'),
(151, 2, 13, 13, 2, 1, 7, NULL, NULL, NULL, NULL, NULL, '2019-11-16 14:00:17'),
(152, 2, 13, 13, 2, 1, 8, NULL, NULL, NULL, NULL, NULL, '2019-11-16 14:00:17'),
(153, 2, 13, 13, 2, 2, 1, NULL, NULL, NULL, NULL, NULL, '2019-11-16 14:00:17'),
(154, 2, 13, 13, 2, 2, 2, NULL, NULL, NULL, NULL, NULL, '2019-11-16 14:00:17'),
(155, 2, 13, 13, 2, 2, 3, NULL, NULL, NULL, NULL, NULL, '2019-11-16 14:00:17'),
(156, 2, 13, 13, 2, 2, 4, NULL, NULL, NULL, NULL, NULL, '2019-11-16 14:00:17'),
(157, 2, 13, 13, 2, 2, 5, NULL, NULL, NULL, NULL, NULL, '2019-11-16 14:00:17'),
(158, 2, 13, 13, 2, 2, 6, NULL, NULL, NULL, NULL, NULL, '2019-11-16 14:00:17'),
(159, 2, 13, 13, 2, 2, 7, NULL, NULL, NULL, NULL, NULL, '2019-11-16 14:00:17'),
(160, 2, 13, 13, 2, 2, 8, NULL, NULL, NULL, NULL, NULL, '2019-11-16 14:00:17'),
(161, 2, 13, 13, 2, 3, 1, NULL, NULL, NULL, NULL, NULL, '2019-11-16 14:00:18'),
(162, 2, 13, 13, 2, 3, 2, NULL, NULL, NULL, NULL, NULL, '2019-11-16 14:00:18'),
(163, 2, 13, 13, 2, 3, 3, NULL, NULL, NULL, NULL, NULL, '2019-11-16 14:00:18'),
(164, 2, 13, 13, 2, 3, 4, NULL, NULL, NULL, NULL, NULL, '2019-11-16 14:00:18'),
(165, 2, 13, 13, 2, 3, 5, NULL, NULL, NULL, NULL, NULL, '2019-11-16 14:00:18'),
(166, 2, 13, 13, 2, 3, 6, NULL, NULL, NULL, NULL, NULL, '2019-11-16 14:00:18'),
(167, 2, 13, 13, 2, 3, 7, NULL, NULL, NULL, NULL, NULL, '2019-11-16 14:00:18'),
(168, 2, 13, 13, 2, 3, 8, NULL, NULL, NULL, NULL, NULL, '2019-11-16 14:00:18'),
(169, 2, 13, 13, 2, 4, 1, NULL, NULL, NULL, NULL, NULL, '2019-11-16 14:00:18'),
(170, 2, 13, 13, 2, 4, 2, NULL, NULL, NULL, NULL, NULL, '2019-11-16 14:00:18'),
(171, 2, 13, 13, 2, 4, 3, NULL, NULL, NULL, NULL, NULL, '2019-11-16 14:00:18'),
(172, 2, 13, 13, 2, 4, 4, NULL, NULL, NULL, NULL, NULL, '2019-11-16 14:00:18'),
(173, 2, 13, 13, 2, 4, 5, NULL, NULL, NULL, NULL, NULL, '2019-11-16 14:00:18'),
(174, 2, 13, 13, 2, 4, 6, NULL, NULL, NULL, NULL, NULL, '2019-11-16 14:00:18'),
(175, 2, 13, 13, 2, 4, 7, NULL, NULL, NULL, NULL, NULL, '2019-11-16 14:00:18'),
(176, 2, 13, 13, 2, 4, 8, NULL, NULL, NULL, NULL, NULL, '2019-11-16 14:00:18'),
(177, 2, 13, 13, 2, 5, 1, NULL, NULL, NULL, NULL, NULL, '2019-11-16 14:00:18'),
(178, 2, 13, 13, 2, 5, 2, NULL, NULL, NULL, NULL, NULL, '2019-11-16 14:00:18'),
(179, 2, 13, 13, 2, 5, 3, NULL, NULL, NULL, NULL, NULL, '2019-11-16 14:00:18'),
(180, 2, 13, 13, 2, 5, 4, NULL, NULL, NULL, NULL, NULL, '2019-11-16 14:00:18'),
(181, 2, 13, 13, 2, 5, 5, NULL, NULL, NULL, NULL, NULL, '2019-11-16 14:00:18'),
(182, 2, 13, 13, 2, 5, 6, NULL, NULL, NULL, NULL, NULL, '2019-11-16 14:00:18'),
(183, 2, 13, 13, 2, 5, 7, NULL, NULL, NULL, NULL, NULL, '2019-11-16 14:00:18'),
(184, 2, 13, 13, 2, 5, 8, NULL, NULL, NULL, NULL, NULL, '2019-11-16 14:00:18'),
(185, 2, 13, 13, 2, 6, 1, NULL, NULL, NULL, NULL, NULL, '2019-11-16 14:00:18'),
(186, 2, 13, 13, 2, 6, 2, NULL, NULL, NULL, NULL, NULL, '2019-11-16 14:00:18'),
(187, 2, 13, 13, 2, 6, 3, NULL, NULL, NULL, NULL, NULL, '2019-11-16 14:00:18'),
(188, 2, 13, 13, 2, 6, 4, NULL, NULL, NULL, NULL, NULL, '2019-11-16 14:00:18'),
(189, 2, 13, 13, 2, 6, 5, NULL, NULL, NULL, NULL, NULL, '2019-11-16 14:00:18'),
(190, 2, 13, 13, 2, 6, 6, NULL, NULL, NULL, NULL, NULL, '2019-11-16 14:00:18'),
(191, 2, 13, 13, 2, 6, 7, NULL, NULL, NULL, NULL, NULL, '2019-11-16 14:00:18'),
(192, 2, 13, 13, 2, 6, 8, NULL, NULL, NULL, NULL, NULL, '2019-11-16 14:00:18');

-- --------------------------------------------------------

--
-- Struktur dari tabel `siswas`
--

CREATE TABLE `siswas` (
  `siswa_id` int(11) NOT NULL,
  `year_id` int(11) NOT NULL,
  `class_id` int(11) NOT NULL,
  `namasiswa` varchar(255) NOT NULL,
  `namapgln` varchar(255) NOT NULL,
  `noinduk` varchar(255) NOT NULL,
  `jk` varchar(255) NOT NULL,
  `tgllahir` varchar(255) NOT NULL,
  `agama` varchar(255) NOT NULL,
  `anakke` int(11) NOT NULL,
  `ayah` varchar(255) NOT NULL,
  `ibu` varchar(255) NOT NULL,
  `pekerjaanayah` varchar(255) NOT NULL,
  `pekerjaanibu` varchar(255) NOT NULL,
  `alamatortu` text NOT NULL,
  `created_at` timestamp NOT NULL DEFAULT CURRENT_TIMESTAMP
) ENGINE=InnoDB DEFAULT CHARSET=latin1;

--
-- Dumping data untuk tabel `siswas`
--

INSERT INTO `siswas` (`siswa_id`, `year_id`, `class_id`, `namasiswa`, `namapgln`, `noinduk`, `jk`, `tgllahir`, `agama`, `anakke`, `ayah`, `ibu`, `pekerjaanayah`, `pekerjaanibu`, `alamatortu`, `created_at`) VALUES
(1, 13, 13, 'Ninda Fatushuna', 'Ninda', '887278', 'P', 'Ngawi, 01-05-2014', 'Islam', 2, 'Nama Bapak Die', 'Nama Emak Die', 'Swasta', 'Ibu rumah tangga', 'Tempuran Paron Ngawi JawaTimur', '2019-11-16 13:58:49'),
(2, 13, 13, 'Saipulah', 'Ipul', '442555', 'L', 'Ngawi, 12-12-2014', 'Islam', 1, 'Nama Bapak Die', 'Nama Emak Die', 'Swasta', 'Ibu rumah tangga', 'Tempuran Paron Ngawi JawaTimur', '2019-11-16 14:00:16');

-- --------------------------------------------------------

--
-- Struktur dari tabel `sosialemosional`
--

CREATE TABLE `sosialemosional` (
  `id` int(11) NOT NULL,
  `siswa_id` int(11) NOT NULL,
  `class_id` int(11) NOT NULL,
  `year_id` int(11) NOT NULL,
  `semester` int(11) NOT NULL,
  `bulan` int(11) NOT NULL,
  `kemampuan_id` int(11) NOT NULL,
  `mb` int(11) DEFAULT NULL,
  `bb` int(11) DEFAULT NULL,
  `bsh` int(11) DEFAULT NULL,
  `bsb` int(11) DEFAULT NULL,
  `user_id` int(11) DEFAULT NULL,
  `created_at` timestamp NOT NULL DEFAULT CURRENT_TIMESTAMP
) ENGINE=InnoDB DEFAULT CHARSET=latin1;

--
-- Dumping data untuk tabel `sosialemosional`
--

INSERT INTO `sosialemosional` (`id`, `siswa_id`, `class_id`, `year_id`, `semester`, `bulan`, `kemampuan_id`, `mb`, `bb`, `bsh`, `bsb`, `user_id`, `created_at`) VALUES
(1, 1, 13, 13, 1, 7, 1, NULL, NULL, NULL, NULL, NULL, '2019-11-16 13:58:49'),
(2, 1, 13, 13, 1, 7, 2, NULL, NULL, NULL, NULL, NULL, '2019-11-16 13:58:49'),
(3, 1, 13, 13, 1, 7, 3, NULL, NULL, NULL, NULL, NULL, '2019-11-16 13:58:49'),
(4, 1, 13, 13, 1, 7, 4, NULL, NULL, NULL, NULL, NULL, '2019-11-16 13:58:49'),
(5, 1, 13, 13, 1, 7, 5, NULL, NULL, NULL, NULL, NULL, '2019-11-16 13:58:49'),
(6, 1, 13, 13, 1, 7, 6, NULL, NULL, NULL, NULL, NULL, '2019-11-16 13:58:49'),
(7, 1, 13, 13, 1, 7, 7, NULL, NULL, NULL, NULL, NULL, '2019-11-16 13:58:49'),
(8, 1, 13, 13, 1, 7, 8, NULL, NULL, NULL, NULL, NULL, '2019-11-16 13:58:49'),
(9, 1, 13, 13, 1, 7, 9, NULL, NULL, NULL, NULL, NULL, '2019-11-16 13:58:49'),
(10, 1, 13, 13, 1, 7, 10, NULL, NULL, NULL, NULL, NULL, '2019-11-16 13:58:49'),
(11, 1, 13, 13, 1, 8, 1, NULL, NULL, NULL, NULL, NULL, '2019-11-16 13:58:49'),
(12, 1, 13, 13, 1, 8, 2, NULL, NULL, NULL, NULL, NULL, '2019-11-16 13:58:49'),
(13, 1, 13, 13, 1, 8, 3, NULL, NULL, NULL, NULL, NULL, '2019-11-16 13:58:49'),
(14, 1, 13, 13, 1, 8, 4, NULL, NULL, NULL, NULL, NULL, '2019-11-16 13:58:49'),
(15, 1, 13, 13, 1, 8, 5, NULL, NULL, NULL, NULL, NULL, '2019-11-16 13:58:49'),
(16, 1, 13, 13, 1, 8, 6, NULL, NULL, NULL, NULL, NULL, '2019-11-16 13:58:49'),
(17, 1, 13, 13, 1, 8, 7, NULL, NULL, NULL, NULL, NULL, '2019-11-16 13:58:49'),
(18, 1, 13, 13, 1, 8, 8, NULL, NULL, NULL, NULL, NULL, '2019-11-16 13:58:49'),
(19, 1, 13, 13, 1, 8, 9, NULL, NULL, NULL, NULL, NULL, '2019-11-16 13:58:49'),
(20, 1, 13, 13, 1, 8, 10, NULL, NULL, NULL, NULL, NULL, '2019-11-16 13:58:49'),
(21, 1, 13, 13, 1, 9, 1, NULL, NULL, NULL, NULL, NULL, '2019-11-16 13:58:50'),
(22, 1, 13, 13, 1, 9, 2, NULL, NULL, NULL, NULL, NULL, '2019-11-16 13:58:50'),
(23, 1, 13, 13, 1, 9, 3, NULL, NULL, NULL, NULL, NULL, '2019-11-16 13:58:50'),
(24, 1, 13, 13, 1, 9, 4, NULL, NULL, NULL, NULL, NULL, '2019-11-16 13:58:50'),
(25, 1, 13, 13, 1, 9, 5, NULL, NULL, NULL, NULL, NULL, '2019-11-16 13:58:50'),
(26, 1, 13, 13, 1, 9, 6, NULL, NULL, NULL, NULL, NULL, '2019-11-16 13:58:50'),
(27, 1, 13, 13, 1, 9, 7, NULL, NULL, NULL, NULL, NULL, '2019-11-16 13:58:50'),
(28, 1, 13, 13, 1, 9, 8, NULL, NULL, NULL, NULL, NULL, '2019-11-16 13:58:50'),
(29, 1, 13, 13, 1, 9, 9, NULL, NULL, NULL, NULL, NULL, '2019-11-16 13:58:50'),
(30, 1, 13, 13, 1, 9, 10, NULL, NULL, NULL, NULL, NULL, '2019-11-16 13:58:50'),
(31, 1, 13, 13, 1, 10, 1, NULL, NULL, NULL, NULL, NULL, '2019-11-16 13:58:50'),
(32, 1, 13, 13, 1, 10, 2, NULL, NULL, NULL, NULL, NULL, '2019-11-16 13:58:50'),
(33, 1, 13, 13, 1, 10, 3, NULL, NULL, NULL, NULL, NULL, '2019-11-16 13:58:50'),
(34, 1, 13, 13, 1, 10, 4, NULL, NULL, NULL, NULL, NULL, '2019-11-16 13:58:50'),
(35, 1, 13, 13, 1, 10, 5, NULL, NULL, NULL, NULL, NULL, '2019-11-16 13:58:50'),
(36, 1, 13, 13, 1, 10, 6, NULL, NULL, NULL, NULL, NULL, '2019-11-16 13:58:50'),
(37, 1, 13, 13, 1, 10, 7, NULL, NULL, NULL, NULL, NULL, '2019-11-16 13:58:50'),
(38, 1, 13, 13, 1, 10, 8, NULL, NULL, NULL, NULL, NULL, '2019-11-16 13:58:50'),
(39, 1, 13, 13, 1, 10, 9, NULL, NULL, NULL, NULL, NULL, '2019-11-16 13:58:50'),
(40, 1, 13, 13, 1, 10, 10, NULL, NULL, NULL, NULL, NULL, '2019-11-16 13:58:50'),
(41, 1, 13, 13, 1, 11, 1, NULL, NULL, NULL, NULL, NULL, '2019-11-16 13:58:50'),
(42, 1, 13, 13, 1, 11, 2, NULL, NULL, NULL, NULL, NULL, '2019-11-16 13:58:50'),
(43, 1, 13, 13, 1, 11, 3, NULL, NULL, NULL, NULL, NULL, '2019-11-16 13:58:50'),
(44, 1, 13, 13, 1, 11, 4, NULL, NULL, NULL, NULL, NULL, '2019-11-16 13:58:50'),
(45, 1, 13, 13, 1, 11, 5, NULL, NULL, NULL, NULL, NULL, '2019-11-16 13:58:50'),
(46, 1, 13, 13, 1, 11, 6, NULL, NULL, NULL, NULL, NULL, '2019-11-16 13:58:50'),
(47, 1, 13, 13, 1, 11, 7, NULL, NULL, NULL, NULL, NULL, '2019-11-16 13:58:50'),
(48, 1, 13, 13, 1, 11, 8, NULL, NULL, NULL, NULL, NULL, '2019-11-16 13:58:50'),
(49, 1, 13, 13, 1, 11, 9, NULL, NULL, NULL, NULL, NULL, '2019-11-16 13:58:50'),
(50, 1, 13, 13, 1, 11, 10, NULL, NULL, NULL, NULL, NULL, '2019-11-16 13:58:50'),
(51, 1, 13, 13, 1, 12, 1, NULL, NULL, NULL, NULL, NULL, '2019-11-16 13:58:50'),
(52, 1, 13, 13, 1, 12, 2, NULL, NULL, NULL, NULL, NULL, '2019-11-16 13:58:50'),
(53, 1, 13, 13, 1, 12, 3, NULL, NULL, NULL, NULL, NULL, '2019-11-16 13:58:50'),
(54, 1, 13, 13, 1, 12, 4, NULL, NULL, NULL, NULL, NULL, '2019-11-16 13:58:50'),
(55, 1, 13, 13, 1, 12, 5, NULL, NULL, NULL, NULL, NULL, '2019-11-16 13:58:50'),
(56, 1, 13, 13, 1, 12, 6, NULL, NULL, NULL, NULL, NULL, '2019-11-16 13:58:50'),
(57, 1, 13, 13, 1, 12, 7, NULL, NULL, NULL, NULL, NULL, '2019-11-16 13:58:50'),
(58, 1, 13, 13, 1, 12, 8, NULL, NULL, NULL, NULL, NULL, '2019-11-16 13:58:50'),
(59, 1, 13, 13, 1, 12, 9, NULL, NULL, NULL, NULL, NULL, '2019-11-16 13:58:50'),
(60, 1, 13, 13, 1, 12, 10, NULL, NULL, NULL, NULL, NULL, '2019-11-16 13:58:50'),
(61, 1, 13, 13, 2, 1, 1, NULL, NULL, NULL, NULL, NULL, '2019-11-16 13:58:50'),
(62, 1, 13, 13, 2, 1, 2, NULL, NULL, NULL, NULL, NULL, '2019-11-16 13:58:50'),
(63, 1, 13, 13, 2, 1, 3, NULL, NULL, NULL, NULL, NULL, '2019-11-16 13:58:50'),
(64, 1, 13, 13, 2, 1, 4, NULL, NULL, NULL, NULL, NULL, '2019-11-16 13:58:50'),
(65, 1, 13, 13, 2, 1, 5, NULL, NULL, NULL, NULL, NULL, '2019-11-16 13:58:50'),
(66, 1, 13, 13, 2, 1, 6, NULL, NULL, NULL, NULL, NULL, '2019-11-16 13:58:50'),
(67, 1, 13, 13, 2, 1, 7, NULL, NULL, NULL, NULL, NULL, '2019-11-16 13:58:50'),
(68, 1, 13, 13, 2, 1, 8, NULL, NULL, NULL, NULL, NULL, '2019-11-16 13:58:50'),
(69, 1, 13, 13, 2, 1, 9, NULL, NULL, NULL, NULL, NULL, '2019-11-16 13:58:50'),
(70, 1, 13, 13, 2, 1, 10, NULL, NULL, NULL, NULL, NULL, '2019-11-16 13:58:50'),
(71, 1, 13, 13, 2, 2, 1, NULL, NULL, NULL, NULL, NULL, '2019-11-16 13:58:50'),
(72, 1, 13, 13, 2, 2, 2, NULL, NULL, NULL, NULL, NULL, '2019-11-16 13:58:50'),
(73, 1, 13, 13, 2, 2, 3, NULL, NULL, NULL, NULL, NULL, '2019-11-16 13:58:50'),
(74, 1, 13, 13, 2, 2, 4, NULL, NULL, NULL, NULL, NULL, '2019-11-16 13:58:50'),
(75, 1, 13, 13, 2, 2, 5, NULL, NULL, NULL, NULL, NULL, '2019-11-16 13:58:50'),
(76, 1, 13, 13, 2, 2, 6, NULL, NULL, NULL, NULL, NULL, '2019-11-16 13:58:50'),
(77, 1, 13, 13, 2, 2, 7, NULL, NULL, NULL, NULL, NULL, '2019-11-16 13:58:50'),
(78, 1, 13, 13, 2, 2, 8, NULL, NULL, NULL, NULL, NULL, '2019-11-16 13:58:50'),
(79, 1, 13, 13, 2, 2, 9, NULL, NULL, NULL, NULL, NULL, '2019-11-16 13:58:50'),
(80, 1, 13, 13, 2, 2, 10, NULL, NULL, NULL, NULL, NULL, '2019-11-16 13:58:50'),
(81, 1, 13, 13, 2, 3, 1, NULL, NULL, NULL, NULL, NULL, '2019-11-16 13:58:50'),
(82, 1, 13, 13, 2, 3, 2, NULL, NULL, NULL, NULL, NULL, '2019-11-16 13:58:50'),
(83, 1, 13, 13, 2, 3, 3, NULL, NULL, NULL, NULL, NULL, '2019-11-16 13:58:50'),
(84, 1, 13, 13, 2, 3, 4, NULL, NULL, NULL, NULL, NULL, '2019-11-16 13:58:50'),
(85, 1, 13, 13, 2, 3, 5, NULL, NULL, NULL, NULL, NULL, '2019-11-16 13:58:50'),
(86, 1, 13, 13, 2, 3, 6, NULL, NULL, NULL, NULL, NULL, '2019-11-16 13:58:50'),
(87, 1, 13, 13, 2, 3, 7, NULL, NULL, NULL, NULL, NULL, '2019-11-16 13:58:50'),
(88, 1, 13, 13, 2, 3, 8, NULL, NULL, NULL, NULL, NULL, '2019-11-16 13:58:50'),
(89, 1, 13, 13, 2, 3, 9, NULL, NULL, NULL, NULL, NULL, '2019-11-16 13:58:50'),
(90, 1, 13, 13, 2, 3, 10, NULL, NULL, NULL, NULL, NULL, '2019-11-16 13:58:50'),
(91, 1, 13, 13, 2, 4, 1, NULL, NULL, NULL, NULL, NULL, '2019-11-16 13:58:50'),
(92, 1, 13, 13, 2, 4, 2, NULL, NULL, NULL, NULL, NULL, '2019-11-16 13:58:50'),
(93, 1, 13, 13, 2, 4, 3, NULL, NULL, NULL, NULL, NULL, '2019-11-16 13:58:50'),
(94, 1, 13, 13, 2, 4, 4, NULL, NULL, NULL, NULL, NULL, '2019-11-16 13:58:50'),
(95, 1, 13, 13, 2, 4, 5, NULL, NULL, NULL, NULL, NULL, '2019-11-16 13:58:50'),
(96, 1, 13, 13, 2, 4, 6, NULL, NULL, NULL, NULL, NULL, '2019-11-16 13:58:50'),
(97, 1, 13, 13, 2, 4, 7, NULL, NULL, NULL, NULL, NULL, '2019-11-16 13:58:50'),
(98, 1, 13, 13, 2, 4, 8, NULL, NULL, NULL, NULL, NULL, '2019-11-16 13:58:50'),
(99, 1, 13, 13, 2, 4, 9, NULL, NULL, NULL, NULL, NULL, '2019-11-16 13:58:50'),
(100, 1, 13, 13, 2, 4, 10, NULL, NULL, NULL, NULL, NULL, '2019-11-16 13:58:50'),
(101, 1, 13, 13, 2, 5, 1, NULL, NULL, NULL, NULL, NULL, '2019-11-16 13:58:50'),
(102, 1, 13, 13, 2, 5, 2, NULL, NULL, NULL, NULL, NULL, '2019-11-16 13:58:50'),
(103, 1, 13, 13, 2, 5, 3, NULL, NULL, NULL, NULL, NULL, '2019-11-16 13:58:50'),
(104, 1, 13, 13, 2, 5, 4, NULL, NULL, NULL, NULL, NULL, '2019-11-16 13:58:50'),
(105, 1, 13, 13, 2, 5, 5, NULL, NULL, NULL, NULL, NULL, '2019-11-16 13:58:50'),
(106, 1, 13, 13, 2, 5, 6, NULL, NULL, NULL, NULL, NULL, '2019-11-16 13:58:50'),
(107, 1, 13, 13, 2, 5, 7, NULL, NULL, NULL, NULL, NULL, '2019-11-16 13:58:50'),
(108, 1, 13, 13, 2, 5, 8, NULL, NULL, NULL, NULL, NULL, '2019-11-16 13:58:50'),
(109, 1, 13, 13, 2, 5, 9, NULL, NULL, NULL, NULL, NULL, '2019-11-16 13:58:50'),
(110, 1, 13, 13, 2, 5, 10, NULL, NULL, NULL, NULL, NULL, '2019-11-16 13:58:50'),
(111, 1, 13, 13, 2, 6, 1, NULL, NULL, NULL, NULL, NULL, '2019-11-16 13:58:50'),
(112, 1, 13, 13, 2, 6, 2, NULL, NULL, NULL, NULL, NULL, '2019-11-16 13:58:50'),
(113, 1, 13, 13, 2, 6, 3, NULL, NULL, NULL, NULL, NULL, '2019-11-16 13:58:50'),
(114, 1, 13, 13, 2, 6, 4, NULL, NULL, NULL, NULL, NULL, '2019-11-16 13:58:50'),
(115, 1, 13, 13, 2, 6, 5, NULL, NULL, NULL, NULL, NULL, '2019-11-16 13:58:50'),
(116, 1, 13, 13, 2, 6, 6, NULL, NULL, NULL, NULL, NULL, '2019-11-16 13:58:50'),
(117, 1, 13, 13, 2, 6, 7, NULL, NULL, NULL, NULL, NULL, '2019-11-16 13:58:50'),
(118, 1, 13, 13, 2, 6, 8, NULL, NULL, NULL, NULL, NULL, '2019-11-16 13:58:50'),
(119, 1, 13, 13, 2, 6, 9, NULL, NULL, NULL, NULL, NULL, '2019-11-16 13:58:50'),
(120, 1, 13, 13, 2, 6, 10, NULL, NULL, NULL, NULL, NULL, '2019-11-16 13:58:50'),
(121, 2, 13, 13, 1, 7, 1, NULL, NULL, NULL, NULL, NULL, '2019-11-16 14:00:16'),
(122, 2, 13, 13, 1, 7, 2, NULL, NULL, NULL, NULL, NULL, '2019-11-16 14:00:16'),
(123, 2, 13, 13, 1, 7, 3, NULL, NULL, NULL, NULL, NULL, '2019-11-16 14:00:16'),
(124, 2, 13, 13, 1, 7, 4, NULL, NULL, NULL, NULL, NULL, '2019-11-16 14:00:16'),
(125, 2, 13, 13, 1, 7, 5, NULL, NULL, NULL, NULL, NULL, '2019-11-16 14:00:16'),
(126, 2, 13, 13, 1, 7, 6, NULL, NULL, NULL, NULL, NULL, '2019-11-16 14:00:16'),
(127, 2, 13, 13, 1, 7, 7, NULL, NULL, NULL, NULL, NULL, '2019-11-16 14:00:16'),
(128, 2, 13, 13, 1, 7, 8, NULL, NULL, NULL, NULL, NULL, '2019-11-16 14:00:16'),
(129, 2, 13, 13, 1, 7, 9, NULL, NULL, NULL, NULL, NULL, '2019-11-16 14:00:16'),
(130, 2, 13, 13, 1, 7, 10, NULL, NULL, NULL, NULL, NULL, '2019-11-16 14:00:16'),
(131, 2, 13, 13, 1, 8, 1, NULL, NULL, NULL, NULL, NULL, '2019-11-16 14:00:16'),
(132, 2, 13, 13, 1, 8, 2, NULL, NULL, NULL, NULL, NULL, '2019-11-16 14:00:16'),
(133, 2, 13, 13, 1, 8, 3, NULL, NULL, NULL, NULL, NULL, '2019-11-16 14:00:16'),
(134, 2, 13, 13, 1, 8, 4, NULL, NULL, NULL, NULL, NULL, '2019-11-16 14:00:16'),
(135, 2, 13, 13, 1, 8, 5, NULL, NULL, NULL, NULL, NULL, '2019-11-16 14:00:16'),
(136, 2, 13, 13, 1, 8, 6, NULL, NULL, NULL, NULL, NULL, '2019-11-16 14:00:16'),
(137, 2, 13, 13, 1, 8, 7, NULL, NULL, NULL, NULL, NULL, '2019-11-16 14:00:16'),
(138, 2, 13, 13, 1, 8, 8, NULL, NULL, NULL, NULL, NULL, '2019-11-16 14:00:16'),
(139, 2, 13, 13, 1, 8, 9, NULL, NULL, NULL, NULL, NULL, '2019-11-16 14:00:16'),
(140, 2, 13, 13, 1, 8, 10, NULL, NULL, NULL, NULL, NULL, '2019-11-16 14:00:16'),
(141, 2, 13, 13, 1, 9, 1, NULL, NULL, NULL, NULL, NULL, '2019-11-16 14:00:16'),
(142, 2, 13, 13, 1, 9, 2, NULL, NULL, NULL, NULL, NULL, '2019-11-16 14:00:16'),
(143, 2, 13, 13, 1, 9, 3, NULL, NULL, NULL, NULL, NULL, '2019-11-16 14:00:16'),
(144, 2, 13, 13, 1, 9, 4, NULL, NULL, NULL, NULL, NULL, '2019-11-16 14:00:16'),
(145, 2, 13, 13, 1, 9, 5, NULL, NULL, NULL, NULL, NULL, '2019-11-16 14:00:16'),
(146, 2, 13, 13, 1, 9, 6, NULL, NULL, NULL, NULL, NULL, '2019-11-16 14:00:16'),
(147, 2, 13, 13, 1, 9, 7, NULL, NULL, NULL, NULL, NULL, '2019-11-16 14:00:16'),
(148, 2, 13, 13, 1, 9, 8, NULL, NULL, NULL, NULL, NULL, '2019-11-16 14:00:16'),
(149, 2, 13, 13, 1, 9, 9, NULL, NULL, NULL, NULL, NULL, '2019-11-16 14:00:16'),
(150, 2, 13, 13, 1, 9, 10, NULL, NULL, NULL, NULL, NULL, '2019-11-16 14:00:16'),
(151, 2, 13, 13, 1, 10, 1, NULL, NULL, NULL, NULL, NULL, '2019-11-16 14:00:16'),
(152, 2, 13, 13, 1, 10, 2, NULL, NULL, NULL, NULL, NULL, '2019-11-16 14:00:16'),
(153, 2, 13, 13, 1, 10, 3, NULL, NULL, NULL, NULL, NULL, '2019-11-16 14:00:16'),
(154, 2, 13, 13, 1, 10, 4, NULL, NULL, NULL, NULL, NULL, '2019-11-16 14:00:16'),
(155, 2, 13, 13, 1, 10, 5, NULL, NULL, NULL, NULL, NULL, '2019-11-16 14:00:16'),
(156, 2, 13, 13, 1, 10, 6, NULL, NULL, NULL, NULL, NULL, '2019-11-16 14:00:16'),
(157, 2, 13, 13, 1, 10, 7, NULL, NULL, NULL, NULL, NULL, '2019-11-16 14:00:16'),
(158, 2, 13, 13, 1, 10, 8, NULL, NULL, NULL, NULL, NULL, '2019-11-16 14:00:16'),
(159, 2, 13, 13, 1, 10, 9, NULL, NULL, NULL, NULL, NULL, '2019-11-16 14:00:16'),
(160, 2, 13, 13, 1, 10, 10, NULL, NULL, NULL, NULL, NULL, '2019-11-16 14:00:16'),
(161, 2, 13, 13, 1, 11, 1, NULL, NULL, NULL, NULL, NULL, '2019-11-16 14:00:16'),
(162, 2, 13, 13, 1, 11, 2, NULL, NULL, NULL, NULL, NULL, '2019-11-16 14:00:16'),
(163, 2, 13, 13, 1, 11, 3, NULL, NULL, NULL, NULL, NULL, '2019-11-16 14:00:16'),
(164, 2, 13, 13, 1, 11, 4, NULL, NULL, NULL, NULL, NULL, '2019-11-16 14:00:16'),
(165, 2, 13, 13, 1, 11, 5, NULL, NULL, NULL, NULL, NULL, '2019-11-16 14:00:16'),
(166, 2, 13, 13, 1, 11, 6, NULL, NULL, NULL, NULL, NULL, '2019-11-16 14:00:16'),
(167, 2, 13, 13, 1, 11, 7, NULL, NULL, NULL, NULL, NULL, '2019-11-16 14:00:16'),
(168, 2, 13, 13, 1, 11, 8, NULL, NULL, NULL, NULL, NULL, '2019-11-16 14:00:16'),
(169, 2, 13, 13, 1, 11, 9, NULL, NULL, NULL, NULL, NULL, '2019-11-16 14:00:16'),
(170, 2, 13, 13, 1, 11, 10, NULL, NULL, NULL, NULL, NULL, '2019-11-16 14:00:16'),
(171, 2, 13, 13, 1, 12, 1, NULL, NULL, NULL, NULL, NULL, '2019-11-16 14:00:17'),
(172, 2, 13, 13, 1, 12, 2, NULL, NULL, NULL, NULL, NULL, '2019-11-16 14:00:17'),
(173, 2, 13, 13, 1, 12, 3, NULL, NULL, NULL, NULL, NULL, '2019-11-16 14:00:17'),
(174, 2, 13, 13, 1, 12, 4, NULL, NULL, NULL, NULL, NULL, '2019-11-16 14:00:17'),
(175, 2, 13, 13, 1, 12, 5, NULL, NULL, NULL, NULL, NULL, '2019-11-16 14:00:17'),
(176, 2, 13, 13, 1, 12, 6, NULL, NULL, NULL, NULL, NULL, '2019-11-16 14:00:17'),
(177, 2, 13, 13, 1, 12, 7, NULL, NULL, NULL, NULL, NULL, '2019-11-16 14:00:17'),
(178, 2, 13, 13, 1, 12, 8, NULL, NULL, NULL, NULL, NULL, '2019-11-16 14:00:17'),
(179, 2, 13, 13, 1, 12, 9, NULL, NULL, NULL, NULL, NULL, '2019-11-16 14:00:17'),
(180, 2, 13, 13, 1, 12, 10, NULL, NULL, NULL, NULL, NULL, '2019-11-16 14:00:17'),
(181, 2, 13, 13, 2, 1, 1, NULL, NULL, NULL, NULL, NULL, '2019-11-16 14:00:17'),
(182, 2, 13, 13, 2, 1, 2, NULL, NULL, NULL, NULL, NULL, '2019-11-16 14:00:17'),
(183, 2, 13, 13, 2, 1, 3, NULL, NULL, NULL, NULL, NULL, '2019-11-16 14:00:17'),
(184, 2, 13, 13, 2, 1, 4, NULL, NULL, NULL, NULL, NULL, '2019-11-16 14:00:17'),
(185, 2, 13, 13, 2, 1, 5, NULL, NULL, NULL, NULL, NULL, '2019-11-16 14:00:17'),
(186, 2, 13, 13, 2, 1, 6, NULL, NULL, NULL, NULL, NULL, '2019-11-16 14:00:17'),
(187, 2, 13, 13, 2, 1, 7, NULL, NULL, NULL, NULL, NULL, '2019-11-16 14:00:17'),
(188, 2, 13, 13, 2, 1, 8, NULL, NULL, NULL, NULL, NULL, '2019-11-16 14:00:17'),
(189, 2, 13, 13, 2, 1, 9, NULL, NULL, NULL, NULL, NULL, '2019-11-16 14:00:17'),
(190, 2, 13, 13, 2, 1, 10, NULL, NULL, NULL, NULL, NULL, '2019-11-16 14:00:17'),
(191, 2, 13, 13, 2, 2, 1, NULL, NULL, NULL, NULL, NULL, '2019-11-16 14:00:17'),
(192, 2, 13, 13, 2, 2, 2, NULL, NULL, NULL, NULL, NULL, '2019-11-16 14:00:17'),
(193, 2, 13, 13, 2, 2, 3, NULL, NULL, NULL, NULL, NULL, '2019-11-16 14:00:17'),
(194, 2, 13, 13, 2, 2, 4, NULL, NULL, NULL, NULL, NULL, '2019-11-16 14:00:17'),
(195, 2, 13, 13, 2, 2, 5, NULL, NULL, NULL, NULL, NULL, '2019-11-16 14:00:17'),
(196, 2, 13, 13, 2, 2, 6, NULL, NULL, NULL, NULL, NULL, '2019-11-16 14:00:17'),
(197, 2, 13, 13, 2, 2, 7, NULL, NULL, NULL, NULL, NULL, '2019-11-16 14:00:17'),
(198, 2, 13, 13, 2, 2, 8, NULL, NULL, NULL, NULL, NULL, '2019-11-16 14:00:17'),
(199, 2, 13, 13, 2, 2, 9, NULL, NULL, NULL, NULL, NULL, '2019-11-16 14:00:17'),
(200, 2, 13, 13, 2, 2, 10, NULL, NULL, NULL, NULL, NULL, '2019-11-16 14:00:17'),
(201, 2, 13, 13, 2, 3, 1, NULL, NULL, NULL, NULL, NULL, '2019-11-16 14:00:17'),
(202, 2, 13, 13, 2, 3, 2, NULL, NULL, NULL, NULL, NULL, '2019-11-16 14:00:18'),
(203, 2, 13, 13, 2, 3, 3, NULL, NULL, NULL, NULL, NULL, '2019-11-16 14:00:18'),
(204, 2, 13, 13, 2, 3, 4, NULL, NULL, NULL, NULL, NULL, '2019-11-16 14:00:18'),
(205, 2, 13, 13, 2, 3, 5, NULL, NULL, NULL, NULL, NULL, '2019-11-16 14:00:18'),
(206, 2, 13, 13, 2, 3, 6, NULL, NULL, NULL, NULL, NULL, '2019-11-16 14:00:18'),
(207, 2, 13, 13, 2, 3, 7, NULL, NULL, NULL, NULL, NULL, '2019-11-16 14:00:18'),
(208, 2, 13, 13, 2, 3, 8, NULL, NULL, NULL, NULL, NULL, '2019-11-16 14:00:18'),
(209, 2, 13, 13, 2, 3, 9, NULL, NULL, NULL, NULL, NULL, '2019-11-16 14:00:18'),
(210, 2, 13, 13, 2, 3, 10, NULL, NULL, NULL, NULL, NULL, '2019-11-16 14:00:18'),
(211, 2, 13, 13, 2, 4, 1, NULL, NULL, NULL, NULL, NULL, '2019-11-16 14:00:18'),
(212, 2, 13, 13, 2, 4, 2, NULL, NULL, NULL, NULL, NULL, '2019-11-16 14:00:18'),
(213, 2, 13, 13, 2, 4, 3, NULL, NULL, NULL, NULL, NULL, '2019-11-16 14:00:18'),
(214, 2, 13, 13, 2, 4, 4, NULL, NULL, NULL, NULL, NULL, '2019-11-16 14:00:18'),
(215, 2, 13, 13, 2, 4, 5, NULL, NULL, NULL, NULL, NULL, '2019-11-16 14:00:18'),
(216, 2, 13, 13, 2, 4, 6, NULL, NULL, NULL, NULL, NULL, '2019-11-16 14:00:18'),
(217, 2, 13, 13, 2, 4, 7, NULL, NULL, NULL, NULL, NULL, '2019-11-16 14:00:18'),
(218, 2, 13, 13, 2, 4, 8, NULL, NULL, NULL, NULL, NULL, '2019-11-16 14:00:18'),
(219, 2, 13, 13, 2, 4, 9, NULL, NULL, NULL, NULL, NULL, '2019-11-16 14:00:18'),
(220, 2, 13, 13, 2, 4, 10, NULL, NULL, NULL, NULL, NULL, '2019-11-16 14:00:18'),
(221, 2, 13, 13, 2, 5, 1, NULL, NULL, NULL, NULL, NULL, '2019-11-16 14:00:18'),
(222, 2, 13, 13, 2, 5, 2, NULL, NULL, NULL, NULL, NULL, '2019-11-16 14:00:18'),
(223, 2, 13, 13, 2, 5, 3, NULL, NULL, NULL, NULL, NULL, '2019-11-16 14:00:18'),
(224, 2, 13, 13, 2, 5, 4, NULL, NULL, NULL, NULL, NULL, '2019-11-16 14:00:18'),
(225, 2, 13, 13, 2, 5, 5, NULL, NULL, NULL, NULL, NULL, '2019-11-16 14:00:18'),
(226, 2, 13, 13, 2, 5, 6, NULL, NULL, NULL, NULL, NULL, '2019-11-16 14:00:18'),
(227, 2, 13, 13, 2, 5, 7, NULL, NULL, NULL, NULL, NULL, '2019-11-16 14:00:18'),
(228, 2, 13, 13, 2, 5, 8, NULL, NULL, NULL, NULL, NULL, '2019-11-16 14:00:18'),
(229, 2, 13, 13, 2, 5, 9, NULL, NULL, NULL, NULL, NULL, '2019-11-16 14:00:18'),
(230, 2, 13, 13, 2, 5, 10, NULL, NULL, NULL, NULL, NULL, '2019-11-16 14:00:18'),
(231, 2, 13, 13, 2, 6, 1, NULL, NULL, NULL, NULL, NULL, '2019-11-16 14:00:18'),
(232, 2, 13, 13, 2, 6, 2, NULL, NULL, NULL, NULL, NULL, '2019-11-16 14:00:18'),
(233, 2, 13, 13, 2, 6, 3, NULL, NULL, NULL, NULL, NULL, '2019-11-16 14:00:18'),
(234, 2, 13, 13, 2, 6, 4, NULL, NULL, NULL, NULL, NULL, '2019-11-16 14:00:18'),
(235, 2, 13, 13, 2, 6, 5, NULL, NULL, NULL, NULL, NULL, '2019-11-16 14:00:18'),
(236, 2, 13, 13, 2, 6, 6, NULL, NULL, NULL, NULL, NULL, '2019-11-16 14:00:18'),
(237, 2, 13, 13, 2, 6, 7, NULL, NULL, NULL, NULL, NULL, '2019-11-16 14:00:18'),
(238, 2, 13, 13, 2, 6, 8, NULL, NULL, NULL, NULL, NULL, '2019-11-16 14:00:18'),
(239, 2, 13, 13, 2, 6, 9, NULL, NULL, NULL, NULL, NULL, '2019-11-16 14:00:18'),
(240, 2, 13, 13, 2, 6, 10, NULL, NULL, NULL, NULL, NULL, '2019-11-16 14:00:18');

-- --------------------------------------------------------

--
-- Struktur dari tabel `t_agamadanmoral`
--

CREATE TABLE `t_agamadanmoral` (
  `kemampuan_id` int(11) NOT NULL,
  `kemampuan` text NOT NULL,
  `created_at` timestamp NOT NULL DEFAULT CURRENT_TIMESTAMP
) ENGINE=InnoDB DEFAULT CHARSET=latin1;

--
-- Dumping data untuk tabel `t_agamadanmoral`
--

INSERT INTO `t_agamadanmoral` (`kemampuan_id`, `kemampuan`, `created_at`) VALUES
(1, 'Mempercayai Tuhan melalui ciptaan Nya', '2019-11-15 05:50:26'),
(2, 'Menghargai diri sendiri, orang lain dan lingkungan sekitar sebagai rasa syukur kepada Tuhan', '2019-11-15 05:50:26'),
(3, 'Memiliki perilaku yang dapat menyesuaikan diri', '2019-11-15 05:50:26'),
(4, 'Memiliki perilaku yang mencerminkan sikap jujur', '2019-11-15 05:50:26'),
(5, 'Memiliki perilaku yang mencerminkan sikap santun kepada orang tua didik atau pengasuh dan teman', '2019-11-15 05:50:26'),
(6, 'Mengenal kegiatan beribadah sehari-hari', '2019-11-15 05:50:26'),
(7, 'Melakukan peribadatan sehari-hari dengan tuntunan orang dewasa', '2019-11-15 05:50:26'),
(8, 'Mengenal perilaku baik sebagai cerminan akhlaq mulia', '2019-11-15 05:50:26'),
(9, 'Menunjukan perilaku santun sebagai cerminan akhlaq mulia', '2019-11-15 05:50:26');

-- --------------------------------------------------------

--
-- Struktur dari tabel `t_bahasa`
--

CREATE TABLE `t_bahasa` (
  `kemampuan_id` int(11) NOT NULL,
  `kemampuan` text NOT NULL,
  `created_at` timestamp NOT NULL DEFAULT CURRENT_TIMESTAMP
) ENGINE=InnoDB DEFAULT CHARSET=latin1;

--
-- Dumping data untuk tabel `t_bahasa`
--

INSERT INTO `t_bahasa` (`kemampuan_id`, `kemampuan`, `created_at`) VALUES
(1, 'Memahami bahasa reseptif (menyimak dan membaca)', '2019-11-15 05:57:02'),
(2, 'Menunjukan kemampuan berbahasa reseptif (menyimak dan membaca)', '2019-11-15 05:57:02'),
(3, 'Memahami bahasa ekspresi (mengungkapkan bahasa secara verbal dan nonverbal)', '2019-11-15 05:57:02'),
(4, 'Menunjukan kemampuan berbahasa ekspresi (mengungkapkan bahasa secara verbal dan nonverbal)', '2019-11-15 05:57:02'),
(5, 'Mengenal keaksaraan awal melalui bermain', '2019-11-15 05:57:02'),
(6, 'Menunjukan kemampuan keaksaraan awal dalam berbagai bentuk karya', '2019-11-15 05:57:02');

-- --------------------------------------------------------

--
-- Struktur dari tabel `t_ekstraagama`
--

CREATE TABLE `t_ekstraagama` (
  `program_id` int(11) NOT NULL,
  `program` text NOT NULL,
  `created_at` timestamp NOT NULL DEFAULT CURRENT_TIMESTAMP
) ENGINE=InnoDB DEFAULT CHARSET=latin1;

--
-- Dumping data untuk tabel `t_ekstraagama`
--

INSERT INTO `t_ekstraagama` (`program_id`, `program`, `created_at`) VALUES
(1, 'Hafalan surat pendek Alquran', '2019-11-15 07:12:01'),
(2, 'Hafalan hadist', '2019-11-15 07:12:01'),
(3, 'Hafalan doa harian', '2019-11-15 07:12:01'),
(4, 'Bacaan dan Gerakan sholat', '2019-11-15 07:12:01'),
(5, 'Bahasa Arab', '2019-11-15 07:12:01'),
(6, 'Huruf Hijaiyah', '2019-11-15 07:12:01'),
(7, 'Hafalan Asmaul Husna', '2019-11-15 07:12:01');

-- --------------------------------------------------------

--
-- Struktur dari tabel `t_ekstrabahasajawa`
--

CREATE TABLE `t_ekstrabahasajawa` (
  `program_id` int(11) NOT NULL,
  `program` text NOT NULL,
  `created_at` timestamp NOT NULL DEFAULT CURRENT_TIMESTAMP
) ENGINE=InnoDB DEFAULT CHARSET=latin1;

--
-- Dumping data untuk tabel `t_ekstrabahasajawa`
--

INSERT INTO `t_ekstrabahasajawa` (`program_id`, `program`, `created_at`) VALUES
(1, 'Kawruh basa jawa', '2019-11-15 07:13:23'),
(2, 'Nembang jawa', '2019-11-15 07:13:23');

-- --------------------------------------------------------

--
-- Struktur dari tabel `t_ekstradrumbband`
--

CREATE TABLE `t_ekstradrumbband` (
  `program_id` int(11) NOT NULL,
  `program` text NOT NULL,
  `created_at` timestamp NOT NULL DEFAULT CURRENT_TIMESTAMP
) ENGINE=InnoDB DEFAULT CHARSET=latin1;

--
-- Dumping data untuk tabel `t_ekstradrumbband`
--

INSERT INTO `t_ekstradrumbband` (`program_id`, `program`, `created_at`) VALUES
(1, 'Keaktifan', '2019-11-15 07:14:39'),
(2, 'Kemampuan', '2019-11-15 07:14:39'),
(3, 'Permainan', '2019-11-15 07:14:39'),
(4, 'Pukulan', '2019-11-15 07:14:39');

-- --------------------------------------------------------

--
-- Struktur dari tabel `t_ekstramenari`
--

CREATE TABLE `t_ekstramenari` (
  `program_id` int(11) NOT NULL,
  `program` text NOT NULL,
  `created_at` timestamp NOT NULL DEFAULT CURRENT_TIMESTAMP
) ENGINE=InnoDB DEFAULT CHARSET=latin1;

--
-- Dumping data untuk tabel `t_ekstramenari`
--

INSERT INTO `t_ekstramenari` (`program_id`, `program`, `created_at`) VALUES
(1, 'Keberanian', '2019-11-15 07:15:56'),
(2, 'Keaktifan', '2019-11-15 07:15:56'),
(3, 'Ekspresi', '2019-11-15 07:15:56'),
(4, 'Keluwesan', '2019-11-15 07:15:56');

-- --------------------------------------------------------

--
-- Struktur dari tabel `t_ekstramenggambar`
--

CREATE TABLE `t_ekstramenggambar` (
  `program_id` int(11) NOT NULL,
  `program` text NOT NULL,
  `created_at` timestamp NOT NULL DEFAULT CURRENT_TIMESTAMP
) ENGINE=InnoDB DEFAULT CHARSET=latin1;

--
-- Dumping data untuk tabel `t_ekstramenggambar`
--

INSERT INTO `t_ekstramenggambar` (`program_id`, `program`, `created_at`) VALUES
(1, 'Pewarnaan', '2019-11-15 07:16:49'),
(2, 'Kreatifitas', '2019-11-15 07:16:49'),
(3, 'Kerapian', '2019-11-15 07:16:49');

-- --------------------------------------------------------

--
-- Struktur dari tabel `t_kognitif`
--

CREATE TABLE `t_kognitif` (
  `kemampuan_id` int(11) NOT NULL,
  `kemampuan` text NOT NULL,
  `created_at` timestamp NOT NULL DEFAULT CURRENT_TIMESTAMP
) ENGINE=InnoDB DEFAULT CHARSET=latin1;

--
-- Dumping data untuk tabel `t_kognitif`
--

INSERT INTO `t_kognitif` (`kemampuan_id`, `kemampuan`, `created_at`) VALUES
(1, 'Memiliki perilaku yang mencerminkan sikap ingin tahu', '2019-11-15 06:03:41'),
(2, 'Mengetahui cara memecahkan masalah sehari-hari dan prilaku kreatif', '2019-11-15 06:03:41'),
(3, 'Menyelesaikan masalah sehari-hari secara kreatif', '2019-11-15 06:03:41'),
(4, 'Mengenal benda-benda di sekitarnya (nama,warna,bentuk,ukuran,pola,sifat,\r\nTekstur,fungsidanciri-ciri lain nya)\r\n', '2019-11-15 06:03:41'),
(5, 'Menyampaikan tentang apa dan bagaimana benda-benda disekitar yang dikenalnya (nama,warna,bentuk,ukuran,pola,sifat,tekstur,fungsi,dan ciri lainnya) ', '2019-11-15 06:03:41'),
(6, 'Mengenal teknologi sederhana (peralatan rumah tangga, peralatan bermaian, peralatan pertukangan dll)', '2019-11-15 06:03:41'),
(7, 'Mengenal teknologi sederhana (peralatan rumah tangga, peralatan bermaian,peralatan pertukangan dll) untuk menyelesaikan tugas dan kegiatan', '2019-11-15 06:03:41');

-- --------------------------------------------------------

--
-- Struktur dari tabel `t_motorik`
--

CREATE TABLE `t_motorik` (
  `kemampuan_id` int(11) NOT NULL,
  `kemampuan` text NOT NULL,
  `created_at` timestamp NOT NULL DEFAULT CURRENT_TIMESTAMP
) ENGINE=InnoDB DEFAULT CHARSET=latin1;

--
-- Dumping data untuk tabel `t_motorik`
--

INSERT INTO `t_motorik` (`kemampuan_id`, `kemampuan`, `created_at`) VALUES
(1, 'Memiliki perilaku yang mencerminkan hidup sehat', '2019-11-15 06:07:49'),
(2, 'Mengenal anggota tubuh, fungsi, dan geraknya untuk mengembangkan motorik kasar dan motorik halus', '2019-11-15 06:07:49'),
(3, 'Menggunakan anggota tubuh untuk pengembangan motorik kasar dan halus', '2019-11-15 06:07:49'),
(4, 'Mengetahui cara hidup sehat', '2019-11-15 06:07:49'),
(5, 'Mampu menolong diri sendiri untuk hidup sehat', '2019-11-15 06:07:49');

-- --------------------------------------------------------

--
-- Struktur dari tabel `t_seni`
--

CREATE TABLE `t_seni` (
  `kemampuan_id` int(11) NOT NULL,
  `kemampuan` text NOT NULL,
  `created_at` timestamp NOT NULL DEFAULT CURRENT_TIMESTAMP
) ENGINE=InnoDB DEFAULT CHARSET=latin1;

--
-- Dumping data untuk tabel `t_seni`
--

INSERT INTO `t_seni` (`kemampuan_id`, `kemampuan`, `created_at`) VALUES
(1, 'Memiliki prilaku yang mencerminkan sikap kreatif', '2019-11-15 06:11:49'),
(2, 'Memiliki prilaku yang mencerminkan sikap estetis', '2019-11-15 06:11:49'),
(3, 'Mengenal berbagai karya dan aktivitas seni', '2019-11-15 06:11:49'),
(4, 'Mengenal berbagai karya dan aktivitas seni dengan menggunakan berbagai media ', '2019-11-15 06:11:49'),
(5, 'Mengenal lingkungan social(keluarga,teman,tempat tinggal,tempat ibadah,budaya,transportasi)', '2019-11-15 06:11:49'),
(6, 'Menyajikan berbagai karyanya dalam bentuk,gambar,bercerita,bernyanyi,gerak tubuh,dan lain-lain tentang lingkungan social(keluarga,teman,tempat tinggal,tempat ibadah,budaya dan transportasi)', '2019-11-15 06:11:49'),
(7, 'Mengenal lingkungan alam(hewan,tanaman,cuaca,tanah,air,batu-batuan)', '2019-11-15 06:11:49'),
(8, 'Menyajikan berbagai karyanya dalam bentuk gambar,bercerita,bernyanyi,gerak tubuh,dan lain-lain tentang lingkungan alam(hewan,tanaman,cuaca,tanah,air,batu-batuan)', '2019-11-15 06:11:49');

-- --------------------------------------------------------

--
-- Struktur dari tabel `t_sosialemosional`
--

CREATE TABLE `t_sosialemosional` (
  `kemampuan_id` int(11) NOT NULL,
  `kemampuan` text NOT NULL,
  `created_at` timestamp NOT NULL DEFAULT CURRENT_TIMESTAMP
) ENGINE=InnoDB DEFAULT CHARSET=latin1;

--
-- Dumping data untuk tabel `t_sosialemosional`
--

INSERT INTO `t_sosialemosional` (`kemampuan_id`, `kemampuan`, `created_at`) VALUES
(1, 'Memiliki perilaku yang mencerminkan percaya diri', '2019-11-15 06:18:18'),
(2, 'Memiliki prilaku yang mencerminkan sikap taat terhadap aturan sehari-hari untuk melatih kedisiplinan', '2019-11-15 06:18:18'),
(3, 'Memiliki prilaku yang mencerminkan sikap sabar(mau menunggu giliran ,mau mendengarkan ketika orang lain berbicara)untuk melakukan kedisiplinan', '2019-11-15 06:18:18'),
(4, 'Memiliki perilaku yang mencerminkan kemandirian', '2019-11-15 06:18:18'),
(5, 'Memiliki perilaku yang mencerminkan sikap peduli dan mau membantu jika di minta bantuan', '2019-11-15 06:18:18'),
(6, 'Memiliki perilaku yang mencerminkan sikap kerjasama', '2019-11-15 06:18:18'),
(7, 'Mengenal emosi diri dan orang lain', '2019-11-15 06:18:18'),
(8, 'Menujukan reaksi emosi diri secara jujur', '2019-11-15 06:18:18'),
(9, 'Mengenal kebutuhan, keinginan dan melihat diri', '2019-11-15 06:18:18'),
(10, 'Mengungkapkan kebutuhan, keinginan dan melihat diri dengan cara tepat', '2019-11-15 06:18:18');

-- --------------------------------------------------------

--
-- Struktur dari tabel `users`
--

CREATE TABLE `users` (
  `user_id` int(11) NOT NULL,
  `username` varchar(255) NOT NULL,
  `password` varchar(40) NOT NULL,
  `nama` varchar(255) NOT NULL,
  `tgllahir` varchar(255) NOT NULL,
  `alamat` text NOT NULL,
  `pendidikanterakhir` varchar(255) NOT NULL,
  `mulaimengajar` varchar(30) NOT NULL,
  `pengampu` varchar(30) NOT NULL,
  `telepon` varchar(15) DEFAULT NULL,
  `created_at` timestamp NOT NULL DEFAULT CURRENT_TIMESTAMP
) ENGINE=InnoDB DEFAULT CHARSET=latin1;

--
-- Dumping data untuk tabel `users`
--

INSERT INTO `users` (`user_id`, `username`, `password`, `nama`, `tgllahir`, `alamat`, `pendidikanterakhir`, `mulaimengajar`, `pengampu`, `telepon`, `created_at`) VALUES
(1, 'eny', 'd8578edf8458ce06fbc5bb76a58c5ca4', 'Eny Widiastuti, Amd', 'Semarang, 30 Desember 1976', 'Jl. Galar VI No. 8', 'D3', '2014', 'TK B Kecil', '089777555111', '2019-11-11 15:22:53'),
(2, 'tia', 'd8578edf8458ce06fbc5bb76a58c5ca4', 'Andika Wahyu Setiyani', 'Purwodadi, 01-01-1990', 'Purwodadi JawaTengah', 'S3', '2017', 'TK Kecil A', '089777555000', '2019-11-16 13:53:31');

-- --------------------------------------------------------

--
-- Struktur dari tabel `years`
--

CREATE TABLE `years` (
  `year_id` int(11) NOT NULL,
  `yearname` varchar(255) NOT NULL,
  `status` varchar(255) NOT NULL DEFAULT 'Baru',
  `created_at` timestamp NOT NULL DEFAULT CURRENT_TIMESTAMP
) ENGINE=InnoDB DEFAULT CHARSET=latin1;

--
-- Dumping data untuk tabel `years`
--

INSERT INTO `years` (`year_id`, `yearname`, `status`, `created_at`) VALUES
(13, '2019/2020', 'Aktif', '2019-11-13 11:39:36');

--
-- Indexes for dumped tables
--

--
-- Indeks untuk tabel `agamadanmoral`
--
ALTER TABLE `agamadanmoral`
  ADD PRIMARY KEY (`id`);

--
-- Indeks untuk tabel `apps`
--
ALTER TABLE `apps`
  ADD PRIMARY KEY (`app_id`);

--
-- Indeks untuk tabel `bahasa`
--
ALTER TABLE `bahasa`
  ADD PRIMARY KEY (`id`);

--
-- Indeks untuk tabel `catatan`
--
ALTER TABLE `catatan`
  ADD PRIMARY KEY (`catatan_id`);

--
-- Indeks untuk tabel `classes`
--
ALTER TABLE `classes`
  ADD PRIMARY KEY (`class_id`);

--
-- Indeks untuk tabel `ekstraagama`
--
ALTER TABLE `ekstraagama`
  ADD PRIMARY KEY (`id`);

--
-- Indeks untuk tabel `ekstrabahasajawa`
--
ALTER TABLE `ekstrabahasajawa`
  ADD PRIMARY KEY (`id`);

--
-- Indeks untuk tabel `ekstradrumbband`
--
ALTER TABLE `ekstradrumbband`
  ADD PRIMARY KEY (`id`);

--
-- Indeks untuk tabel `ekstramenari`
--
ALTER TABLE `ekstramenari`
  ADD PRIMARY KEY (`id`);

--
-- Indeks untuk tabel `ekstramenggambar`
--
ALTER TABLE `ekstramenggambar`
  ADD PRIMARY KEY (`id`);

--
-- Indeks untuk tabel `kognitif`
--
ALTER TABLE `kognitif`
  ADD PRIMARY KEY (`id`);

--
-- Indeks untuk tabel `motorik`
--
ALTER TABLE `motorik`
  ADD PRIMARY KEY (`id`);

--
-- Indeks untuk tabel `seni`
--
ALTER TABLE `seni`
  ADD PRIMARY KEY (`id`);

--
-- Indeks untuk tabel `siswas`
--
ALTER TABLE `siswas`
  ADD PRIMARY KEY (`siswa_id`);

--
-- Indeks untuk tabel `sosialemosional`
--
ALTER TABLE `sosialemosional`
  ADD PRIMARY KEY (`id`);

--
-- Indeks untuk tabel `t_agamadanmoral`
--
ALTER TABLE `t_agamadanmoral`
  ADD PRIMARY KEY (`kemampuan_id`);

--
-- Indeks untuk tabel `t_bahasa`
--
ALTER TABLE `t_bahasa`
  ADD PRIMARY KEY (`kemampuan_id`);

--
-- Indeks untuk tabel `t_ekstraagama`
--
ALTER TABLE `t_ekstraagama`
  ADD PRIMARY KEY (`program_id`);

--
-- Indeks untuk tabel `t_ekstrabahasajawa`
--
ALTER TABLE `t_ekstrabahasajawa`
  ADD PRIMARY KEY (`program_id`);

--
-- Indeks untuk tabel `t_ekstradrumbband`
--
ALTER TABLE `t_ekstradrumbband`
  ADD PRIMARY KEY (`program_id`);

--
-- Indeks untuk tabel `t_ekstramenari`
--
ALTER TABLE `t_ekstramenari`
  ADD PRIMARY KEY (`program_id`);

--
-- Indeks untuk tabel `t_ekstramenggambar`
--
ALTER TABLE `t_ekstramenggambar`
  ADD PRIMARY KEY (`program_id`);

--
-- Indeks untuk tabel `t_kognitif`
--
ALTER TABLE `t_kognitif`
  ADD PRIMARY KEY (`kemampuan_id`);

--
-- Indeks untuk tabel `t_motorik`
--
ALTER TABLE `t_motorik`
  ADD PRIMARY KEY (`kemampuan_id`);

--
-- Indeks untuk tabel `t_seni`
--
ALTER TABLE `t_seni`
  ADD PRIMARY KEY (`kemampuan_id`);

--
-- Indeks untuk tabel `t_sosialemosional`
--
ALTER TABLE `t_sosialemosional`
  ADD PRIMARY KEY (`kemampuan_id`);

--
-- Indeks untuk tabel `users`
--
ALTER TABLE `users`
  ADD PRIMARY KEY (`user_id`);

--
-- Indeks untuk tabel `years`
--
ALTER TABLE `years`
  ADD PRIMARY KEY (`year_id`);

--
-- AUTO_INCREMENT untuk tabel yang dibuang
--

--
-- AUTO_INCREMENT untuk tabel `agamadanmoral`
--
ALTER TABLE `agamadanmoral`
  MODIFY `id` int(11) NOT NULL AUTO_INCREMENT, AUTO_INCREMENT=217;

--
-- AUTO_INCREMENT untuk tabel `apps`
--
ALTER TABLE `apps`
  MODIFY `app_id` int(11) NOT NULL AUTO_INCREMENT, AUTO_INCREMENT=2;

--
-- AUTO_INCREMENT untuk tabel `bahasa`
--
ALTER TABLE `bahasa`
  MODIFY `id` int(11) NOT NULL AUTO_INCREMENT, AUTO_INCREMENT=145;

--
-- AUTO_INCREMENT untuk tabel `catatan`
--
ALTER TABLE `catatan`
  MODIFY `catatan_id` int(11) NOT NULL AUTO_INCREMENT, AUTO_INCREMENT=3;

--
-- AUTO_INCREMENT untuk tabel `classes`
--
ALTER TABLE `classes`
  MODIFY `class_id` int(11) NOT NULL AUTO_INCREMENT, AUTO_INCREMENT=17;

--
-- AUTO_INCREMENT untuk tabel `ekstraagama`
--
ALTER TABLE `ekstraagama`
  MODIFY `id` int(11) NOT NULL AUTO_INCREMENT, AUTO_INCREMENT=169;

--
-- AUTO_INCREMENT untuk tabel `ekstrabahasajawa`
--
ALTER TABLE `ekstrabahasajawa`
  MODIFY `id` int(11) NOT NULL AUTO_INCREMENT, AUTO_INCREMENT=49;

--
-- AUTO_INCREMENT untuk tabel `ekstradrumbband`
--
ALTER TABLE `ekstradrumbband`
  MODIFY `id` int(11) NOT NULL AUTO_INCREMENT, AUTO_INCREMENT=97;

--
-- AUTO_INCREMENT untuk tabel `ekstramenari`
--
ALTER TABLE `ekstramenari`
  MODIFY `id` int(11) NOT NULL AUTO_INCREMENT, AUTO_INCREMENT=97;

--
-- AUTO_INCREMENT untuk tabel `ekstramenggambar`
--
ALTER TABLE `ekstramenggambar`
  MODIFY `id` int(11) NOT NULL AUTO_INCREMENT, AUTO_INCREMENT=73;

--
-- AUTO_INCREMENT untuk tabel `kognitif`
--
ALTER TABLE `kognitif`
  MODIFY `id` int(11) NOT NULL AUTO_INCREMENT, AUTO_INCREMENT=169;

--
-- AUTO_INCREMENT untuk tabel `motorik`
--
ALTER TABLE `motorik`
  MODIFY `id` int(11) NOT NULL AUTO_INCREMENT, AUTO_INCREMENT=121;

--
-- AUTO_INCREMENT untuk tabel `seni`
--
ALTER TABLE `seni`
  MODIFY `id` int(11) NOT NULL AUTO_INCREMENT, AUTO_INCREMENT=193;

--
-- AUTO_INCREMENT untuk tabel `siswas`
--
ALTER TABLE `siswas`
  MODIFY `siswa_id` int(11) NOT NULL AUTO_INCREMENT, AUTO_INCREMENT=3;

--
-- AUTO_INCREMENT untuk tabel `sosialemosional`
--
ALTER TABLE `sosialemosional`
  MODIFY `id` int(11) NOT NULL AUTO_INCREMENT, AUTO_INCREMENT=241;

--
-- AUTO_INCREMENT untuk tabel `t_agamadanmoral`
--
ALTER TABLE `t_agamadanmoral`
  MODIFY `kemampuan_id` int(11) NOT NULL AUTO_INCREMENT, AUTO_INCREMENT=10;

--
-- AUTO_INCREMENT untuk tabel `t_bahasa`
--
ALTER TABLE `t_bahasa`
  MODIFY `kemampuan_id` int(11) NOT NULL AUTO_INCREMENT, AUTO_INCREMENT=7;

--
-- AUTO_INCREMENT untuk tabel `t_ekstraagama`
--
ALTER TABLE `t_ekstraagama`
  MODIFY `program_id` int(11) NOT NULL AUTO_INCREMENT, AUTO_INCREMENT=8;

--
-- AUTO_INCREMENT untuk tabel `t_ekstrabahasajawa`
--
ALTER TABLE `t_ekstrabahasajawa`
  MODIFY `program_id` int(11) NOT NULL AUTO_INCREMENT, AUTO_INCREMENT=3;

--
-- AUTO_INCREMENT untuk tabel `t_ekstradrumbband`
--
ALTER TABLE `t_ekstradrumbband`
  MODIFY `program_id` int(11) NOT NULL AUTO_INCREMENT, AUTO_INCREMENT=5;

--
-- AUTO_INCREMENT untuk tabel `t_ekstramenari`
--
ALTER TABLE `t_ekstramenari`
  MODIFY `program_id` int(11) NOT NULL AUTO_INCREMENT, AUTO_INCREMENT=5;

--
-- AUTO_INCREMENT untuk tabel `t_ekstramenggambar`
--
ALTER TABLE `t_ekstramenggambar`
  MODIFY `program_id` int(11) NOT NULL AUTO_INCREMENT, AUTO_INCREMENT=4;

--
-- AUTO_INCREMENT untuk tabel `t_kognitif`
--
ALTER TABLE `t_kognitif`
  MODIFY `kemampuan_id` int(11) NOT NULL AUTO_INCREMENT, AUTO_INCREMENT=8;

--
-- AUTO_INCREMENT untuk tabel `t_motorik`
--
ALTER TABLE `t_motorik`
  MODIFY `kemampuan_id` int(11) NOT NULL AUTO_INCREMENT, AUTO_INCREMENT=6;

--
-- AUTO_INCREMENT untuk tabel `t_seni`
--
ALTER TABLE `t_seni`
  MODIFY `kemampuan_id` int(11) NOT NULL AUTO_INCREMENT, AUTO_INCREMENT=9;

--
-- AUTO_INCREMENT untuk tabel `t_sosialemosional`
--
ALTER TABLE `t_sosialemosional`
  MODIFY `kemampuan_id` int(11) NOT NULL AUTO_INCREMENT, AUTO_INCREMENT=11;

--
-- AUTO_INCREMENT untuk tabel `users`
--
ALTER TABLE `users`
  MODIFY `user_id` int(11) NOT NULL AUTO_INCREMENT, AUTO_INCREMENT=3;

--
-- AUTO_INCREMENT untuk tabel `years`
--
ALTER TABLE `years`
  MODIFY `year_id` int(11) NOT NULL AUTO_INCREMENT, AUTO_INCREMENT=14;
COMMIT;

/*!40101 SET CHARACTER_SET_CLIENT=@OLD_CHARACTER_SET_CLIENT */;
/*!40101 SET CHARACTER_SET_RESULTS=@OLD_CHARACTER_SET_RESULTS */;
/*!40101 SET COLLATION_CONNECTION=@OLD_COLLATION_CONNECTION */;
